v_low,g0_over_omega_rabi0,g0,oscillator_ratio,drag_lambda,t_gate,max_high_population,final_high_population,F_X,passes_leakage,passes_fidelity,passes_both
0.18,0.02,0.0016,3.0,-2.0,16.660811018093874,0.42329370540171724,0.24697954570895217,0.043563368976222684,0,0,0
0.18,0.02,0.0016,3.0,-1.5,16.660811018093874,0.292066392032012,0.13127796512817008,0.27187734630853544,0,0,0
0.18,0.02,0.0016,3.0,-1.0,16.660811018093874,0.22992072861897675,0.06376191352109095,0.5613045261621713,0,0,0
0.18,0.02,0.0016,3.0,-0.5,16.660811018093874,0.19780308210406378,0.0401423271880637,0.7435406394690083,0,0,0
0.18,0.02,0.0016,3.0,0.0,16.660811018093874,0.13997513582552765,0.02153430446239271,0.7997684160797772,0,0,0
0.18,0.02,0.0016,3.0,0.5,16.660811018093874,0.07858240852727134,0.003124528485434397,0.7435420697336048,0,0,0
0.18,0.02,0.0016,3.0,1.0,16.660811018093874,0.06542656666187703,0.01730939800218132,0.5613076100987393,0,0,0
0.18,0.02,0.0016,3.0,1.5,16.660811018093874,0.13240661389841554,0.043741869279512104,0.27187865691171814,0,0,0
0.18,0.02,0.0016,3.0,2.0,16.660811018093874,0.24967553037179435,0.0696055043234768,0.04356369862201385,0,0,0
0.18,0.02,0.0016,3.6,-2.0,16.660811018093874,0.14266783277812614,0.08263106146990216,0.15532957180734855,0,0,0
0.18,0.02,0.0016,3.6,-1.5,16.660811018093874,0.10401181305923544,0.02813106041057275,0.3990529558287598,0,0,0
0.18,0.02,0.0016,3.6,-1.0,16.660811018093874,0.08997240612397055,0.007480009698933607,0.679845925158074,0,0,0
0.18,0.02,0.0016,3.6,-0.5,16.660811018093874,0.07750609022858844,0.0018881562188557105,0.8938650282658261,0,0,0
0.18,0.02,0.0016,3.6,0.0,16.660811018093874,0.05716119443706762,0.00038921830227516344,0.9722262317121226,0,0,0
0.18,0.02,0.0016,3.6,0.5,16.660811018093874,0.03501104651616888,0.00015363850645178006,0.8938646739828745,0,0,0
0.18,0.02,0.0016,3.6,1.0,16.660811018093874,0.023112720270423312,0.0006241231684247165,0.6798470535000363,0,0,0
0.18,0.02,0.0016,3.6,1.5,16.660811018093874,0.03475398834017459,0.0017682408132250638,0.39905314479690823,0,0,0
0.18,0.02,0.0016,3.6,2.0,16.660811018093874,0.06978211462361976,0.007924056031496903,0.15532928104460184,0,0,0
0.18,0.02,0.0016,4.5,-2.0,16.660811018093874,0.02929119073389135,0.0015737662992070859,0.38655783155698337,0,0,0
0.18,0.02,0.0016,4.5,-1.5,16.660811018093874,0.024678394874299087,0.0006686160570938901,0.6055380754299248,0,0,0
0.18,0.02,0.0016,4.5,-1.0,16.660811018093874,0.022122109941782736,0.00020805167837980839,0.8066703661984215,0,0,0
0.18,0.02,0.0016,4.5,-0.5,16.660811018093874,0.01903811592526989,3.726021301637331e-05,0.9476250069664025,0,0,0
0.18,0.02,0.0016,4.5,0.0,16.660811018093874,0.015110490069965,1.552761380247594e-06,0.9982385169992004,0,0,0
0.18,0.02,0.0016,4.5,0.5,16.660811018093874,0.011220687623428588,2.1497484654016447e-06,0.9476252812605366,0,0,0
0.18,0.02,0.0016,4.5,1.0,16.660811018093874,0.009710082443170223,1.1954229409849601e-05,0.8066703067374223,0,0,0
0.18,0.02,0.0016,4.5,1.5,16.660811018093874,0.011015354739580973,9.892504301786059e-05,0.6055380542779695,0,0,0
0.18,0.02,0.0016,4.5,2.0,16.660811018093874,0.013004754682638115,0.0005402069934936283,0.3865581599433238,0,0,0
0.18,0.02,0.0016,5.5,-2.0,16.660811018093874,0.006457998721722743,2.677209249599131e-05,0.5560884962045504,0,0,0
0.18,0.02,0.0016,5.5,-1.5,16.660811018093874,0.005677539217762335,2.1687554369209837e-05,0.7281146665210786,0,0,0
0.18,0.02,0.0016,5.5,-1.0,16.660811018093874,0.005063046704825392,1.3848423062156425e-05,0.8709087800462618,0,0,0
0.18,0.02,0.0016,5.5,-0.5,16.660811018093874,0.004474055516062914,6.505902581175817e-06,0.965187161834579,0,0,0
0.18,0.02,0.0016,5.5,0.0,16.660811018093874,0.003945876143022754,1.7793262363832275e-06,0.998113856942643,0,0,0
0.18,0.02,0.0016,5.5,0.5,16.660811018093874,0.0037145194543346484,5.598564609329077e-08,0.9651874493417002,0,0,0
0.18,0.02,0.0016,5.5,1.0,16.660811018093874,0.004028765339179634,4.0807348391162033e-07,0.8709087625207164,0,0,0
0.18,0.02,0.0016,5.5,1.5,16.660811018093874,0.004506054315299205,1.4689509139600606e-06,0.7281146158472495,0,0,0
0.18,0.02,0.0016,5.5,2.0,16.660811018093874,0.004905852202672964,2.325322178327893e-06,0.5560884563345113,0,0,0
0.18,0.02,0.0016,7.0,-2.0,16.660811018093874,0.001658309734696745,1.7399939682988732e-06,0.7075848423472971,0,0,0
0.18,0.02,0.0016,7.0,-1.5,16.660811018093874,0.0015686958182909634,1.1017947065525658e-06,0.826947314786338,0,0,0
0.18,0.02,0.0016,7.0,-1.0,16.660811018093874,0.0014741702681639738,5.906813017198167e-07,0.9201201196134774,0,0,0
0.18,0.02,0.0016,7.0,-0.5,16.660811018093874,0.0013837571092936063,2.4555181178243724e-07,0.9793388223336221,0,0,0
0.18,0.02,0.0016,7.0,0.0,16.660811018093874,0.0013121692775006411,6.257012060438424e-08,0.9996462606889341,0,1,0
0.18,0.02,0.0016,7.0,0.5,16.660811018093874,0.001290654150540244,2.593447077136616e-09,0.9793387372899665,0,0,0
0.18,0.02,0.0016,7.0,1.0,16.660811018093874,0.0013431425878231344,9.948816816879083e-09,0.9201200616815882,0,0,0
0.18,0.02,0.0016,7.0,1.5,16.660811018093874,0.0014448323015386103,3.7017301431746e-08,0.8269470549457298,0,0,0
0.18,0.02,0.0016,7.0,2.0,16.660811018093874,0.0015694963742269165,6.833513807007557e-08,0.7075854311627804,0,0,0
0.18,0.03,0.0024,3.0,-2.0,16.660811018093874,0.7980163164899621,0.28924713967269366,0.038092982600089836,0,0,0
0.18,0.03,0.0024,3.0,-1.5,16.660811018093874,0.6571664632006601,0.07143613515711215,0.3270493364815642,0,0,0
0.18,0.03,0.0024,3.0,-1.0,16.660811018093874,0.5559319447409157,0.02869345443542326,0.676027751987012,0,0,0
0.18,0.03,0.0024,3.0,-0.5,16.660811018093874,0.5167486966566931,0.06947042214031207,0.6844712213234835,0,0,0
0.18,0.03,0.0024,3.0,0.0,16.660811018093874,0.43248070516958664,0.09004126335913394,0.6046375397602293,0,0,0
0.18,0.03,0.0024,3.0,0.5,16.660811018093874,0.313272931520031,0.025473526428489306,0.6844715699492477,0,0,0
0.18,0.03,0.0024,3.0,1.0,16.660811018093874,0.2781022620959802,0.00918959817564617,0.6760286010653823,0,0,0
0.18,0.03,0.0024,3.0,1.5,16.660811018093874,0.42945719016590467,0.018831367269034057,0.32705002384620147,0,0,0
0.18,0.03,0.0024,3.0,2.0,16.660811018093874,0.6615309750553591,0.16598992649572764,0.038093323463978215,0,0,0
0.18,0.03,0.0024,3.6,-2.0,16.660811018093874,0.4261312815704002,0.2555727261555306,0.16707558080076296,0,0,0
0.18,0.03,0.0024,3.6,-1.5,16.660811018093874,0.3267827442399753,0.05660728687983057,0.45875371620197,0,0,0
0.18,0.03,0.0024,3.6,-1.0,16.660811018093874,0.28505121454515564,0.0060067505447044985,0.7547090128570194,0,0,0
0.18,0.03,0.0024,3.6,-0.5,16.660811018093874,0.2610652313326486,0.002082307671227326,0.9060136187174428,0,0,0
0.18,0.03,0.0024,3.6,0.0,16.660811018093874,0.21389479143746823,0.0018928655761638043,0.9386218872302226,0,0,0
0.18,0.03,0.0024,3.6,0.5,16.660811018093874,0.15240935177662293,0.0013121361334127442,0.9060142130784513,0,0,0
0.18,0.03,0.0024,3.6,1.0,16.660811018093874,0.10430852519529665,0.0008232667972763354,0.7547096295080488,0,0,0
0.18,0.03,0.0024,3.6,1.5,16.660811018093874,0.13888698491238263,0.008088845583369177,0.45875426556623305,0,0,0
0.18,0.03,0.0024,3.6,2.0,16.660811018093874,0.2500672687077957,0.05303358917392796,0.16707556888568542,0,0,0
0.18,0.03,0.0024,4.5,-2.0,16.660811018093874,0.11553339382290786,0.008946420207732297,0.4794354917862588,0,0,0
0.18,0.03,0.0024,4.5,-1.5,16.660811018093874,0.09544212660266216,0.003195385572747644,0.6825183779658365,0,0,0
0.18,0.03,0.0024,4.5,-1.0,16.660811018093874,0.0869996953714293,0.0006994646179797546,0.8505174364704048,0,0,0
0.18,0.03,0.0024,4.5,-0.5,16.660811018093874,0.07832123824299941,8.084700751600054e-05,0.9588899307916622,0,0,0
0.18,0.03,0.0024,4.5,0.0,16.660811018093874,0.06583728644951153,7.865210866218428e-06,0.9960408829625979,0,0,0
0.18,0.03,0.0024,4.5,0.5,16.660811018093874,0.05226587255770144,9.896498635240608e-06,0.9588898795016995,0,0,0
0.18,0.03,0.0024,4.5,1.0,16.660811018093874,0.04254510679499144,2.8342421019428295e-05,0.8505173819816878,0,0,0
0.18,0.03,0.0024,4.5,1.5,16.660811018093874,0.038184622634253,0.0001940804226155424,0.6825185407181336,0,0,0
0.18,0.03,0.0024,4.5,2.0,16.660811018093874,0.04554810686033508,0.0016853529495071998,0.4794360351306006,0,0,0
0.18,0.03,0.0024,5.5,-2.0,16.660811018093874,0.027922718655424287,0.000301611041858506,0.6299888792037509,0,0,0
0.18,0.03,0.0024,5.5,-1.5,16.660811018093874,0.024594767467265945,0.00020077542370665926,0.77681098242645,0,0,0
0.18,0.03,0.0024,5.5,-1.0,16.660811018093874,0.022406020805695998,0.00010374197390328051,0.8940880351451109,0,0,0
0.18,0.03,0.0024,5.5,-0.5,16.660811018093874,0.020357531256600864,3.9472878190097035e-05,0.9696709517733786,0,0,0
0.18,0.03,0.0024,5.5,0.0,16.660811018093874,0.018525943750699433,8.995382009290004e-06,0.9957611723314999,0,0,0
0.18,0.03,0.0024,5.5,0.5,16.660811018093874,0.017864767021233637,2.7551615423449556e-07,0.969671192563376,0,0,0
0.18,0.03,0.0024,5.5,1.0,16.660811018093874,0.01886164900113779,2.4384137701971423e-06,0.8940882058502224,0,0,0
0.18,0.03,0.0024,5.5,1.5,16.660811018093874,0.020288131698357314,9.580444137732346e-06,0.7768113235479207,0,0,0
0.18,0.03,0.0024,5.5,2.0,16.660811018093874,0.021961637753288212,1.639673689029009e-05,0.6299888877370406,0,0,0
0.18,0.03,0.0024,7.0,-2.0,16.660811018093874,0.008313070973196472,1.0256605567264195e-05,0.7418080424243563,0,0,0
0.18,0.03,0.0024,7.0,-1.5,16.660811018093874,0.007784534734453733,6.179296097103664e-06,0.8480912341247503,0,0,0
0.18,0.03,0.0024,7.0,-1.0,16.660811018093874,0.007250405227450638,3.1833809266505517e-06,0.9299721131154743,0,0,0
0.18,0.03,0.0024,7.0,-0.5,16.660811018093874,0.006753022990099839,1.2813739032709752e-06,0.9815794508579716,0,0,0
0.18,0.03,0.0024,7.0,0.0,16.660811018093874,0.0063624262719913435,3.16646697007242e-07,0.9992042612946784,0,1,0
0.18,0.03,0.0024,7.0,0.5,16.660811018093874,0.006240430516921261,1.2605482749775682e-08,0.9815794640642936,0,0,0
0.18,0.03,0.0024,7.0,1.0,16.660811018093874,0.006516865659800997,5.3358744995326035e-08,0.9299720276364044,0,0,0
0.18,0.03,0.0024,7.0,1.5,16.660811018093874,0.007032599375605312,1.880655586627524e-07,0.848090980396078,0,0,0
0.18,0.03,0.0024,7.0,2.0,16.660811018093874,0.007658558778109152,3.495785673683921e-07,0.7418077781727391,0,0,0
0.18,0.04,0.0032,3.0,-2.0,16.660811018093874,0.9693814213587684,0.6139256176689828,0.019538736894041148,0,0,0
0.18,0.04,0.0032,3.0,-1.5,16.660811018093874,0.8724548417429294,0.15074578458616678,0.29114268123090836,0,0,0
0.18,0.04,0.0032,3.0,-1.0,16.660811018093874,0.7909284801472501,0.030326275684468232,0.7110919481256129,0,0,0
0.18,0.04,0.0032,3.0,-0.5,16.660811018093874,0.7644782663466326,0.06061599652690493,0.5828175912791265,0,0,0
0.18,0.04,0.0032,3.0,0.0,16.660811018093874,0.7358199259830579,0.18909628508679951,0.4078905668245481,0,0,0
0.18,0.04,0.0032,3.0,0.5,16.660811018093874,0.6448945313907997,0.08790240901001924,0.5828185882410412,0,0,0
0.18,0.04,0.0032,3.0,1.0,16.660811018093874,0.6279703121818854,0.006026298542725179,0.7110934217328627,0,0,0
0.18,0.04,0.0032,3.0,1.5,16.660811018093874,0.7967028216308969,0.06253528609690559,0.29114279151714406,0,0,0
0.18,0.04,0.0032,3.0,2.0,16.660811018093874,0.9577717612353427,0.44891032332434794,0.01953892241363304,0,0,0
0.18,0.04,0.0032,3.6,-2.0,16.660811018093874,0.7035917309411712,0.4511416591505951,0.12895637802009305,0,0,0
0.18,0.04,0.0032,3.6,-1.5,16.660811018093874,0.5835620111361957,0.09891662549657429,0.4545910733403712,0,0,0
0.18,0.04,0.0032,3.6,-1.0,16.660811018093874,0.5175469806021037,0.009309438376653678,0.7990542360357329,0,0,0
0.18,0.04,0.0032,3.6,-0.5,16.660811018093874,0.4949392883482497,0.004235023388105479,0.9059362652713125,0,0,0
0.18,0.04,0.0032,3.6,0.0,16.660811018093874,0.453477602528161,0.0048758304058928725,0.8949563436432547,0,0,0
0.18,0.04,0.0032,3.6,0.5,16.660811018093874,0.37180571745610047,0.007624742451152687,0.9059362995395369,0,0,0
0.18,0.04,0.0032,3.6,1.0,16.660811018093874,0.2933127158803816,0.0035303765892382797,0.7990547147705832,0,0,0
0.18,0.04,0.0032,3.6,1.5,16.660811018093874,0.35330812242172244,0.03712451686784244,0.45459122548528985,0,0,0
0.18,0.04,0.0032,3.6,2.0,16.660811018093874,0.5394132648960462,0.21526703469934433,0.12895636033808244,0,0,0
0.18,0.04,0.0032,4.5,-2.0,16.660811018093874,0.26586089072636715,0.02804548414621871,0.5337238600512462,0,0,0
0.18,0.04,0.0032,4.5,-1.5,16.660811018093874,0.2186837741079641,0.009743862267837515,0.7359706248092135,0,0,0
0.18,0.04,0.0032,4.5,-1.0,16.660811018093874,0.200711123270862,0.0018982056062303804,0.8832017703744433,0,0,0
0.18,0.04,0.0032,4.5,-0.5,16.660811018093874,0.18855576725528714,0.00020104706043852906,0.9666119317041091,0,0,0
0.18,0.04,0.0032,4.5,0.0,16.660811018093874,0.16954265850999087,2.585199864532513e-05,0.9929629180031831,0,0,0
0.18,0.04,0.0032,4.5,0.5,16.660811018093874,0.1443357000376152,7.934599177603058e-05,0.9666120125015468,0,0,0
0.18,0.04,0.0032,4.5,1.0,16.660811018093874,0.11508435550290665,4.547929442901203e-05,0.8832019416678292,0,0,0
0.18,0.04,0.0032,4.5,1.5,16.660811018093874,0.0848824549874288,0.00030355638885657337,0.7359707707552661,0,0,0
0.18,0.04,0.0032,4.5,2.0,16.660811018093874,0.1226933013742229,0.004320185109749784,0.5337238273172104,0,0,0
0.18,0.04,0.0032,5.5,-2.0,16.660811018093874,0.07313755620416106,0.001380785653532029,0.7002388832098,0,0,0
0.18,0.04,0.0032,5.5,-1.5,16.660811018093874,0.06412911295227551,0.0009362570220941564,0.8218141491510812,0,0,0
0.18,0.04,0.0032,5.5,-1.0,16.660811018093874,0.05947946471823025,0.00045063598006834843,0.9145791717413935,0,0,0
0.18,0.04,0.0032,5.5,-0.5,16.660811018093874,0.05576720126403996,0.00014873057623025982,0.9726862032948315,0,0,0
0.18,0.04,0.0032,5.5,0.0,16.660811018093874,0.05275491688854653,2.838686920929853e-05,0.9924766410070148,0,0,0
0.18,0.04,0.0032,5.5,0.5,16.660811018093874,0.05218808383006097,1.0435074826080395e-06,0.9726867118303901,0,0,0
0.18,0.04,0.0032,5.5,1.0,16.660811018093874,0.05372915939223609,1.0443106467379226e-05,0.9145796760768917,0,0,0
0.18,0.04,0.0032,5.5,1.5,16.660811018093874,0.05532841618475891,3.81689010004954e-05,0.8218146175270092,0,0,0
0.18,0.04,0.0032,5.5,2.0,16.660811018093874,0.05961228345609759,6.197239509433076e-05,0.7002386427484921,0,0,0
0.18,0.04,0.0032,7.0,-2.0,16.660811018093874,0.025652453596174074,3.717547814809771e-05,0.7810530568146212,0,0,0
0.18,0.04,0.0032,7.0,-1.5,16.660811018093874,0.023785310539408244,2.128727537135987e-05,0.8721317416990223,0,0,0
0.18,0.04,0.0032,7.0,-1.0,16.660811018093874,0.02194191072667593,1.0553521760605789e-05,0.9410635664783666,0,0,0
0.18,0.04,0.0032,7.0,-0.5,16.660811018093874,0.020257829896933786,4.134399441776922e-06,0.9840050721340217,0,0,0
0.18,0.04,0.0032,7.0,0.0,16.660811018093874,0.018937779049786017,1.0003888261006234e-06,0.9985857906470619,0,0,0
0.18,0.04,0.0032,7.0,0.5,16.660811018093874,0.01851158015579108,3.94039786048855e-08,0.984005063706534,0,0,0
0.18,0.04,0.0032,7.0,1.0,16.660811018093874,0.019401772488827688,1.7878860685730375e-07,0.9410635228192759,0,0,0
0.18,0.04,0.0032,7.0,1.5,16.660811018093874,0.021007244583519494,6.343237987585678e-07,0.8721315956457248,0,0,0
0.18,0.04,0.0032,7.0,2.0,16.660811018093874,0.022890599113187127,1.2464741828654288e-06,0.7810529736212273,0,0,0
0.18,0.05,0.004,3.0,-2.0,16.660811018093874,0.983284292742548,0.5984097930150194,0.006189105816642185,0,0,0
0.18,0.05,0.004,3.0,-1.5,16.660811018093874,0.9836762109977751,0.4421222879489945,0.18310236073810582,0,0,0
0.18,0.05,0.004,3.0,-1.0,16.660811018093874,0.9259406145018613,0.10135249357622057,0.6971979655293172,0,0,0
0.18,0.05,0.004,3.0,-0.5,16.660811018093874,0.9211871334120418,0.05037707483510797,0.5582202651181776,0,0,0
0.18,0.05,0.004,3.0,0.0,16.660811018093874,0.9354963028357375,0.17710522241514112,0.3137783419839128,0,0,0
0.18,0.05,0.004,3.0,0.5,16.660811018093874,0.8911651446380868,0.13003818914304374,0.5582220063496237,0,0,0
0.18,0.05,0.004,3.0,1.0,16.660811018093874,0.8982900632080119,0.0318007939109686,0.6971990083496622,0,0,0
0.18,0.05,0.004,3.0,1.5,16.660811018093874,0.9812631346843186,0.3090999377696208,0.18310226219835257,0,0,0
0.18,0.05,0.004,3.0,2.0,16.660811018093874,0.9770598368640677,0.7848875173932656,0.006189337766697499,0,0,0
0.18,0.05,0.004,3.6,-2.0,16.660811018093874,0.8658007368169196,0.5708951538422946,0.08034019491213462,0,0,0
0.18,0.05,0.004,3.6,-1.5,16.660811018093874,0.77232182841476,0.17112878873459003,0.4085125219639946,0,0,0
0.18,0.05,0.004,3.6,-1.0,16.660811018093874,0.7036628819937502,0.02148401640620911,0.8166981458582726,0,0,0
0.18,0.05,0.004,3.6,-0.5,16.660811018093874,0.6928902329290398,0.013926929678705978,0.9019803803102572,0,0,0
0.18,0.05,0.004,3.6,0.0,16.660811018093874,0.6937463254259887,0.007620040606997504,0.8587997206936958,0,0,0
0.18,0.05,0.004,3.6,0.5,16.660811018093874,0.6274555051825859,0.017331058336620707,0.9019800554605684,0,0,0
0.18,0.05,0.004,3.6,1.0,16.660811018093874,0.5495062765254691,0.01052047920261896,0.8166978438143353,0,0,0
0.18,0.05,0.004,3.6,1.5,16.660811018093874,0.6380258595771016,0.09777267464157821,0.408513732563542,0,0,0
0.18,0.05,0.004,3.6,2.0,16.660811018093874,0.8226968210513116,0.4460699435206483,0.08034003924378309,0,0,0
0.18,0.05,0.004,4.5,-2.0,16.660811018093874,0.44675103258318677,0.06436583470642449,0.5324294112568508,0,0,0
0.18,0.05,0.004,4.5,-1.5,16.660811018093874,0.3722474613359174,0.024685107869286658,0.7522394085528418,0,0,0
0.18,0.05,0.004,4.5,-1.0,16.660811018093874,0.34283780996452184,0.0050405511678869586,0.8971692876033109,0,0,0
0.18,0.05,0.004,4.5,-0.5,16.660811018093874,0.3339698695374875,0.0005128125607500497,0.968420854581716,0,0,0
0.18,0.05,0.004,4.5,0.0,16.660811018093874,0.32115061417985036,8.543264090601651e-05,0.9888376455480323,0,0,0
0.18,0.05,0.004,4.5,0.5,16.660811018093874,0.2901395801871141,0.0002252758153240223,0.9684211939509997,0,0,0
0.18,0.05,0.004,4.5,1.0,16.660811018093874,0.23484720319855434,8.715235565137366e-05,0.8971690789170813,0,0,0
0.18,0.05,0.004,4.5,1.5,16.660811018093874,0.18467137661140778,0.0007136374385758808,0.7522402947260647,0,0,0
0.18,0.05,0.004,4.5,2.0,16.660811018093874,0.25739111471497783,0.009870240771357458,0.5324296376320371,0,0,0
0.18,0.05,0.004,5.5,-2.0,16.660811018093874,0.14448456451054661,0.0035735849243242594,0.7514236577994395,0,0,0
0.18,0.05,0.004,5.5,-1.5,16.660811018093874,0.12590793306536657,0.002700957031662476,0.8533718912147787,0,0,0
0.18,0.05,0.004,5.5,-1.0,16.660811018093874,0.11836005003966409,0.0013284980095404693,0.9275850636618153,0,0,0
0.18,0.05,0.004,5.5,-0.5,16.660811018093874,0.11446623993187639,0.00041357792645110175,0.9729533886326941,0,0,0
0.18,0.05,0.004,5.5,0.0,16.660811018093874,0.11289047510926885,6.951833076997378e-05,0.9882678049328452,0,0,0
0.18,0.05,0.004,5.5,0.5,16.660811018093874,0.1142633514796345,3.573511681552085e-06,0.9729534876222702,0,0,0
0.18,0.05,0.004,5.5,1.0,16.660811018093874,0.11530100832038385,3.6020767032270473e-05,0.9275853787193256,0,0,0
0.18,0.05,0.004,5.5,1.5,16.660811018093874,0.11387564987528033,0.00011435713619533497,0.8533720401439703,0,0,0
0.18,0.05,0.004,5.5,2.0,16.660811018093874,0.12029951019802414,0.00015905637963554983,0.7514240258788609,0,0,0
0.18,0.05,0.004,7.0,-2.0,16.660811018093874,0.05976210684333463,9.760328371773184e-05,0.8194533661517934,0,0,0
0.18,0.05,0.004,7.0,-1.5,16.660811018093874,0.05511634194442181,5.380704270850132e-05,0.8955125606520115,0,0,0
0.18,0.05,0.004,7.0,-1.0,16.660811018093874,0.05045816638342297,2.5991818668684973e-05,0.9517282631287056,0,0,0
0.18,0.05,0.004,7.0,-0.5,16.660811018093874,0.046186139173070066,1.0066256809790533e-05,0.9861864127259655,0,0,0
0.18,0.05,0.004,7.0,0.0,16.660811018093874,0.04283331857781907,2.439634654870482e-06,0.9977911965656815,0,0,0
0.18,0.05,0.004,7.0,0.5,16.660811018093874,0.041729592453952746,1.001093206586493e-07,0.9861865810382553,0,0,0
0.18,0.05,0.004,7.0,1.0,16.660811018093874,0.04388743057676173,4.7215921899813196e-07,0.9517282740359168,0,0,0
0.18,0.05,0.004,7.0,1.5,16.660811018093874,0.047585257701489886,1.7999126229562407e-06,0.8955127512042445,0,0,0
0.18,0.05,0.004,7.0,2.0,16.660811018093874,0.05174571714718222,3.99648593888892e-06,0.8194533535303388,0,0,0
0.24,0.02,0.0016,3.0,-2.0,19.23824745242796,0.0020443050978791286,6.871800208438232e-05,0.182509324619194,0,0,0
0.24,0.02,0.0016,3.0,-1.5,19.23824745242796,0.0015019055921019421,2.3581477148395e-05,0.4329959794810284,0,0,0
0.24,0.02,0.0016,3.0,-1.0,19.23824745242796,0.0012795855555959937,1.2994997888074076e-05,0.7078005177730335,0,0,0
0.24,0.02,0.0016,3.0,-0.5,19.23824745242796,0.001049063900640681,4.168643209009889e-06,0.9198430907676546,0,0,0
0.24,0.02,0.0016,3.0,0.0,19.23824745242796,0.0007827337190971237,1.9394902323408729e-07,0.9993773577717994,1,1,1
0.24,0.02,0.0016,3.0,0.5,19.23824745242796,0.0005452605526213807,2.4994659852139397e-07,0.919843098616794,1,0,0
0.24,0.02,0.0016,3.0,1.0,19.23824745242796,0.000590475537096761,1.2527772100779518e-06,0.7078023063769234,1,0,0
0.24,0.02,0.0016,3.0,1.5,19.23824745242796,0.0008274281411227123,1.6184154886860837e-05,0.43299581368481077,1,0,0
0.24,0.02,0.0016,3.0,2.0,19.23824745242796,0.0012002397939582486,7.444357672629338e-05,0.18250840109842645,0,0,0
0.24,0.02,0.0016,3.6,-2.0,19.23824745242796,0.00041835584188941357,3.278238772414813e-07,0.40239155806617577,1,0,0
0.24,0.02,0.0016,3.6,-1.5,19.23824745242796,0.0003519558782716784,5.532852388665177e-07,0.6199151448050232,1,0,0
0.24,0.02,0.0016,3.6,-1.0,19.23824745242796,0.00030310665985790083,5.257093079110462e-07,0.8156575771516007,1,0,0
0.24,0.02,0.0016,3.6,-0.5,19.23824745242796,0.00025899274111966015,2.9750575346044724e-07,0.9511961159364931,1,0,0
0.24,0.02,0.0016,3.6,0.0,19.23824745242796,0.00022051686062981546,8.057711300946249e-08,0.999598429807869,1,1,1
0.24,0.02,0.0016,3.6,0.5,19.23824745242796,0.00020770152141182227,6.502653131885109e-10,0.9511960034387364,1,0,0
0.24,0.02,0.0016,3.6,1.0,19.23824745242796,0.00023923756065175348,2.306204317815045e-08,0.815658301905498,1,0,0
0.24,0.02,0.0016,3.6,1.5,19.23824745242796,0.00027761928492484343,4.350464856373331e-08,0.6199154426074466,1,0,0
0.24,0.02,0.0016,3.6,2.0,19.23824745242796,0.00030856380527553027,1.1482814504673623e-07,0.4023910478226063,1,0,0
0.24,0.02,0.0016,4.5,-2.0,19.23824745242796,9.808325016566659e-05,1.328285655707848e-07,0.6197659293139564,1,0,0
0.24,0.02,0.0016,4.5,-1.5,19.23824745242796,9.283882695512683e-05,8.043554702707197e-08,0.771077561152647,1,0,0
0.24,0.02,0.0016,4.5,-1.0,19.23824745242796,8.726481856886286e-05,4.023196205792555e-08,0.893207271366428,1,0,0
0.24,0.02,0.0016,4.5,-0.5,19.23824745242796,8.18656596516893e-05,1.490091777354265e-08,0.9724670828065346,1,0,0
0.24,0.02,0.0016,4.5,0.0,19.23824745242796,7.789686867912725e-05,3.087265662314264e-09,0.9999214956187225,1,1,1
0.24,0.02,0.0016,4.5,0.5,19.23824745242796,7.777040345149446e-05,7.19315086480042e-11,0.9724671581452766,1,0,0
0.24,0.02,0.0016,4.5,1.0,19.23824745242796,8.26295254244316e-05,4.496152007198398e-10,0.8932073129727975,1,0,0
0.24,0.02,0.0016,4.5,1.5,19.23824745242796,9.016079257361052e-05,1.7134843482776924e-09,0.7710774635956557,1,0,0
0.24,0.02,0.0016,4.5,2.0,19.23824745242796,9.880544906845805e-05,7.528393226614704e-09,0.6197658105377885,1,0,0
0.24,0.02,0.0016,5.5,-2.0,19.23824745242796,4.707654310349138e-05,2.571785666881677e-08,0.7531255227446915,1,0,0
0.24,0.02,0.0016,5.5,-1.5,19.23824745242796,4.5271771878380684e-05,9.786797646443823e-09,0.8552985892255967,1,0,0
0.24,0.02,0.0016,5.5,-1.0,19.23824745242796,4.309892320888353e-05,2.6318394554420565e-09,0.9337795416858428,1,0,0
0.24,0.02,0.0016,5.5,-0.5,19.23824745242796,4.0526933151040845e-05,3.308186050271819e-10,0.9831523918791787,1,0,0
0.24,0.02,0.0016,5.5,0.0,19.23824745242796,3.7809498193932997e-05,2.2070547805442382e-13,0.999999443057034,1,1,1
0.24,0.02,0.0016,5.5,0.5,19.23824745242796,3.505608128803191e-05,5.286554066971292e-12,0.9831524213424353,1,0,0
0.24,0.02,0.0016,5.5,1.0,19.23824745242796,3.2563316195294726e-05,2.3889102199833915e-10,0.9337795674084632,1,0,0
0.24,0.02,0.0016,5.5,1.5,19.23824745242796,3.121646898161322e-05,2.4275708555798026e-09,0.8552986256677383,1,0,0
0.24,0.02,0.0016,5.5,2.0,19.23824745242796,3.155342419164332e-05,1.0402177066825901e-08,0.7531249397800478,1,0,0
0.24,0.02,0.0016,7.0,-2.0,19.23824745242796,1.2514724942035502e-05,9.842145832589311e-10,0.8543283433665134,1,0,0
0.24,0.02,0.0016,7.0,-1.5,19.23824745242796,1.218321927306998e-05,4.0398423338106127e-10,0.9161374232173355,1,0,0
0.24,0.02,0.0016,7.0,-1.0,19.23824745242796,1.1866167067900282e-05,1.249844446532051e-10,0.9621063510029293,1,0,0
0.24,0.02,0.0016,7.0,-0.5,19.23824745242796,1.1627835610415738e-05,2.2547209349808423e-11,0.9904314288057346,1,0,0
0.24,0.02,0.0016,7.0,0.0,19.23824745242796,1.1569517759445519e-05,9.668568678238626e-13,0.999998601331317,1,1,1
0.24,0.02,0.0016,7.0,0.5,19.23824745242796,1.1820586006243343e-05,1.6023581271254913e-13,0.9904314368195404,1,0,0
0.24,0.02,0.0016,7.0,1.0,19.23824745242796,1.2276539017741517e-05,4.487223429594549e-12,0.9621064980515941,1,0,0
0.24,0.02,0.0016,7.0,1.5,19.23824745242796,1.2767864049495032e-05,4.837871392795904e-11,0.916137315284805,1,0,0
0.24,0.02,0.0016,7.0,2.0,19.23824745242796,1.3266942093240143e-05,2.2722607574775772e-10,0.8543281775490202,1,0,0
0.24,0.03,0.0024,3.0,-2.0,19.23824745242796,0.009213186207460955,0.00029940680099818006,0.22090460913800855,0,0,0
0.24,0.03,0.0024,3.0,-1.5,19.23824745242796,0.0070197940611545495,0.00013672133204082828,0.46745422737100606,0,0,0
0.24,0.03,0.0024,3.0,-1.0,19.23824745242796,0.006054730732917102,6.294922676360198e-05,0.7277949347320837,0,0,0
0.24,0.03,0.0024,3.0,-0.5,19.23824745242796,0.005052116205200897,1.7262058801015555e-05,0.9251289775015399,0,0,0
0.24,0.03,0.0024,3.0,0.0,19.23824745242796,0.0038331016091029983,9.811898291839365e-07,0.9985996027974737,0,0,0
0.24,0.03,0.0024,3.0,0.5,19.23824745242796,0.0027238558383658974,8.323566069541923e-07,0.9251292102365973,0,0,0
0.24,0.03,0.0024,3.0,1.0,19.23824745242796,0.002802224161136319,4.352249302637695e-06,0.7277942237804348,0,0,0
0.24,0.03,0.0024,3.0,1.5,19.23824745242796,0.0036511320795679044,5.021802180503355e-05,0.46745340939978663,0,0,0
0.24,0.03,0.0024,3.0,2.0,19.23824745242796,0.004861867288801964,0.00024338430487792995,0.2209044226071109,0,0,0
0.24,0.03,0.0024,3.6,-2.0,19.23824745242796,0.002026856968994436,3.899706192035573e-06,0.4279037472979271,0,0,0
0.24,0.03,0.0024,3.6,-1.5,19.23824745242796,0.0017057897296788524,4.268387473908995e-06,0.6384633396394177,0,0,0
0.24,0.03,0.0024,3.6,-1.0,19.23824745242796,0.0014812556675271255,3.2431355204794185e-06,0.8252140782410711,0,0,0
0.24,0.03,0.0024,3.6,-0.5,19.23824745242796,0.0012766465882500307,1.6224856360954292e-06,0.9534679004781049,0,0,0
0.24,0.03,0.0024,3.6,0.0,19.23824745242796,0.0010969234682165873,4.0788313947634235e-07,0.9990966933613751,0,1,0
0.24,0.03,0.0024,3.6,0.5,19.23824745242796,0.0010397248024486432,3.1597119515097707e-09,0.9534676985060885,0,0,0
0.24,0.03,0.0024,3.6,1.0,19.23824745242796,0.0011845675153339163,1.22053685480718e-07,0.8252142326538164,0,0,0
0.24,0.03,0.0024,3.6,1.5,19.23824745242796,0.001358111926276662,2.862960654399551e-07,0.6384625174604238,0,0,0
0.24,0.03,0.0024,3.6,2.0,19.23824745242796,0.0014840989121479148,6.66280600216617e-07,0.4279039213132566,0,0,0
0.24,0.03,0.0024,4.5,-2.0,19.23824745242796,0.0004969691594750428,7.101717943566294e-07,0.6310733060673706,1,0,0
0.24,0.03,0.0024,4.5,-1.5,19.23824745242796,0.000468826327756147,4.2457891241459926e-07,0.7783533374179705,1,0,0
0.24,0.03,0.0024,4.5,-1.0,19.23824745242796,0.00043932105303624895,2.0970015940696534e-07,0.896713053948664,1,0,0
0.24,0.03,0.0024,4.5,-0.5,19.23824745242796,0.0004110362375324675,7.663121150881595e-08,0.9733210638862693,1,0,0
0.24,0.03,0.0024,4.5,0.0,19.23824745242796,0.00039025562556915816,1.5607934939756607e-08,0.9998233736907088,1,1,1
0.24,0.03,0.0024,4.5,0.5,19.23824745242796,0.00038929383854810213,3.555395648096441e-10,0.9733211299070795,1,0,0
0.24,0.03,0.0024,4.5,1.0,19.23824745242796,0.0004141010645549778,2.2465787469547564e-09,0.8967129454000442,1,0,0
0.24,0.03,0.0024,4.5,1.5,19.23824745242796,0.00045235735483565003,8.268105289417738e-09,0.7783527516706483,1,0,0
0.24,0.03,0.0024,4.5,2.0,19.23824745242796,0.0004962955110719737,3.683501772637702e-08,0.6310742201431018,1,0,0
0.24,0.03,0.0024,5.5,-2.0,19.23824745242796,0.0002364968020600451,1.3135670478120815e-07,0.7581561134687034,1,0,0
0.24,0.03,0.0024,5.5,-1.5,19.23824745242796,0.00022736519117973265,4.9790024299272674e-08,0.8583704773699735,1,0,0
0.24,0.03,0.0024,5.5,-1.0,19.23824745242796,0.00021647982247592273,1.3330183416281967e-08,0.9352244094461863,1,0,0
0.24,0.03,0.0024,5.5,-0.5,19.23824745242796,0.0002036073038324226,1.6679549137609977e-09,0.9835254932678257,1,0,0
0.24,0.03,0.0024,5.5,0.0,19.23824745242796,0.00019002614181067135,1.035968508738085e-12,0.9999987467965332,1,1,1
0.24,0.03,0.0024,5.5,0.5,19.23824745242796,0.00017623810933490916,2.4907248586400585e-11,0.9835254107787229,1,0,0
0.24,0.03,0.0024,5.5,1.0,19.23824745242796,0.0001636607382657354,1.209898393190276e-09,0.9352244754787226,1,0,0
0.24,0.03,0.0024,5.5,1.5,19.23824745242796,0.00015656940416602103,1.2225685004727935e-08,0.8583699577703557,1,0,0
0.24,0.03,0.0024,5.5,2.0,19.23824745242796,0.0001579488659759496,5.221248288232002e-08,0.7581557851734877,1,0,0
0.24,0.03,0.0024,7.0,-2.0,19.23824745242796,6.318400410564034e-05,5.017154389132766e-09,0.856236125397642,1,0,0
0.24,0.03,0.0024,7.0,-1.5,19.23824745242796,6.148256368237887e-05,2.0482502228598773e-09,0.9172601421174145,1,0,0
0.24,0.03,0.0024,7.0,-1.0,19.23824745242796,5.986152498400997e-05,6.316448846090662e-10,0.9626209220138611,1,0,0
0.24,0.03,0.0024,7.0,-0.5,19.23824745242796,5.8644332232176736e-05,1.145056221463566e-10,0.9905612305015978,1,0,0
0.24,0.03,0.0024,7.0,0.0,19.23824745242796,5.8335653733423016e-05,4.8968989900249584e-12,0.9999968533701276,1,1,1
0.24,0.03,0.0024,7.0,0.5,19.23824745242796,5.9596847995979687e-05,1.4367796350747239e-12,0.9905612633814604,1,0,0
0.24,0.03,0.0024,7.0,1.0,19.23824745242796,6.189127330205443e-05,2.1648663887040592e-11,0.962620908279798,1,0,0
0.24,0.03,0.0024,7.0,1.5,19.23824745242796,6.4368175862592e-05,2.439307816792789e-10,0.9172600246893567,1,0,0
0.24,0.03,0.0024,7.0,2.0,19.23824745242796,6.688661387051045e-05,1.1436395169421223e-09,0.8562360694361634,1,0,0
0.24,0.04,0.0032,3.0,-2.0,19.23824745242796,0.026858480603961028,0.0010399984452418517,0.2686406978736564,0,0,0
0.24,0.04,0.0032,3.0,-1.5,19.23824745242796,0.02012629254301972,0.0005028698467347839,0.509811483185864,0,0,0
0.24,0.04,0.0032,3.0,-1.0,19.23824745242796,0.01749565117923422,0.00018749004884386603,0.7525473687721345,0,0,0
0.24,0.04,0.0032,3.0,-0.5,19.23824745242796,0.014904859299068067,4.227556896008434e-05,0.9316566966287472,0,0,0
0.24,0.04,0.0032,3.0,0.0,19.23824745242796,0.011566524618828926,3.0983366930887115e-06,0.9975117676344545,0,0,0
0.24,0.04,0.0032,3.0,0.5,19.23824745242796,0.00843583508704873,1.5316526178384206e-06,0.9316575050038243,0,0,0
0.24,0.04,0.0032,3.0,1.0,19.23824745242796,0.008156003094292328,8.074976697174974e-06,0.7525470931071977,0,0,0
0.24,0.04,0.0032,3.0,1.5,19.23824745242796,0.009672006692355227,9.129695604188299e-05,0.5098102211071474,0,0,0
0.24,0.04,0.0032,3.0,2.0,19.23824745242796,0.011623463786723734,0.0005466412626314521,0.2686406416047938,0,0,0
0.24,0.04,0.0032,3.6,-2.0,19.23824745242796,0.006056144256463469,2.4871885966884606e-05,0.4611231193943229,0,0,0
0.24,0.04,0.0032,3.6,-1.5,19.23824745242796,0.005088055771530219,2.0451766372004344e-05,0.6622842740092179,0,0,0
0.24,0.04,0.0032,3.6,-1.0,19.23824745242796,0.004457024012525141,1.2847539382840573e-05,0.8373747471309565,0,0,0
0.24,0.04,0.0032,3.6,-0.5,19.23824745242796,0.0038879191710546692,5.630958242937237e-06,0.9563012715423531,0,0,0
0.24,0.04,0.0032,3.6,0.0,19.23824745242796,0.003382786818172948,1.2887842165705965e-06,0.9983946845492216,0,0,0
0.24,0.04,0.0032,3.6,0.5,19.23824745242796,0.003233944335516051,1.033876754933659e-08,0.9563014039806141,0,0,0
0.24,0.04,0.0032,3.6,1.0,19.23824745242796,0.0036318594374869138,4.088057903323347e-07,0.837374412511209,0,0,0
0.24,0.04,0.0032,3.6,1.5,19.23824745242796,0.004104274991205584,1.1460107183775413e-06,0.6622851286833261,0,0,0
0.24,0.04,0.0032,3.6,2.0,19.23824745242796,0.004451421479140201,2.496903499703779e-06,0.46112266055013174,0,0,0
0.24,0.04,0.0032,4.5,-2.0,19.23824745242796,0.0015716542064440544,2.4109514298128198e-06,0.6461964391150501,0,0,0
0.24,0.04,0.0032,4.5,-1.5,19.23824745242796,0.0014760747203798252,1.4160092474695913e-06,0.7880447367154733,0,0,0
0.24,0.04,0.0032,4.5,-1.0,19.23824745242796,0.001377433391628079,6.875696619142156e-07,0.9013679917576972,0,0,0
0.24,0.04,0.0032,4.5,-0.5,19.23824745242796,0.0012840728764619501,2.4711587104416113e-07,0.9744484633894315,0,0,0
0.24,0.04,0.0032,4.5,0.0,19.23824745242796,0.0012155509811306885,4.929943304983894e-08,0.9996860225042912,0,1,0
0.24,0.04,0.0032,4.5,0.5,19.23824745242796,0.001211134114783391,1.1087782167731297e-09,0.9744485046964002,0,0,0
0.24,0.04,0.0032,4.5,1.0,19.23824745242796,0.0012903239366484254,7.044799452895478e-09,0.9013676962498592,0,0,0
0.24,0.04,0.0032,4.5,1.5,19.23824745242796,0.0014115203191060095,2.4693909875216238e-08,0.7880448522752136,0,0,0
0.24,0.04,0.0032,4.5,2.0,19.23824745242796,0.0015506794281383194,1.1209759720890903e-07,0.6461973409517634,0,0,0
0.24,0.04,0.0032,5.5,-2.0,19.23824745242796,0.0007394180291510789,4.2017635777549695e-07,0.7649784891397072,1,0,0
0.24,0.04,0.0032,5.5,-1.5,19.23824745242796,0.0007108043970563933,1.5845938216599309e-07,0.8625309325253164,1,0,0
0.24,0.04,0.0032,5.5,-1.0,19.23824745242796,0.0006767130066650354,4.2189089987505043e-08,0.9371801336128168,1,0,0
0.24,0.04,0.0032,5.5,-0.5,19.23824745242796,0.0006366798313262679,5.236398776296617e-09,0.9840302104271793,1,0,0
0.24,0.04,0.0032,5.5,0.0,19.23824745242796,0.0005945246894824591,2.4059749491446344e-12,0.9999977714571385,1,1,1
0.24,0.04,0.0032,5.5,0.5,19.23824745242796,0.0005515894095404959,7.148470478632514e-11,0.9840301743679188,1,0,0
0.24,0.04,0.0032,5.5,1.0,19.23824745242796,0.0005120620772098243,3.829695069536126e-09,0.9371802296337369,1,0,0
0.24,0.04,0.0032,5.5,1.5,19.23824745242796,0.0004885058747481159,3.8398798603711696e-08,0.8625306305591682,1,0,0
0.24,0.04,0.0032,5.5,2.0,19.23824745242796,0.0004914837799198872,1.6332950644716394e-07,0.7649783404344617,1,0,0
0.24,0.04,0.0032,7.0,-2.0,19.23824745242796,0.00019892402236403595,1.5966073727148184e-08,0.8588556379984124,1,0,0
0.24,0.04,0.0032,7.0,-1.5,19.23824745242796,0.00019345550830870067,6.507878247837226e-09,0.9188010840268984,1,0,0
0.24,0.04,0.0032,7.0,-1.0,19.23824745242796,0.0001882642202836886,2.0003267774729454e-09,0.9633268105126558,1,0,0
0.24,0.04,0.0032,7.0,-0.5,19.23824745242796,0.000184366398327791,3.613215825678921e-10,0.990739307349846,1,0,0
0.24,0.04,0.0032,7.0,0.0,19.23824745242796,0.00018333646274794056,1.6377761340754733e-11,0.999994408072742,1,1,1
0.24,0.04,0.0032,7.0,0.5,19.23824745242796,0.00018727272460299226,1.579195444776806e-12,0.9907393077507404,1,0,0
0.24,0.04,0.0032,7.0,1.0,19.23824745242796,0.00019447151126588755,6.341473313260421e-11,0.9633268771138426,1,0,0
0.24,0.04,0.0032,7.0,1.5,19.23824745242796,0.0002022498401594183,7.685683756317569e-10,0.9188012194628937,1,0,0
0.24,0.04,0.0032,7.0,2.0,19.23824745242796,0.00021016952662603002,3.598662144564858e-09,0.8588554548900829,1,0,0
0.24,0.05,0.004,3.0,-2.0,19.23824745242796,0.05933437903644414,0.002977645200076323,0.3194353657521597,0,0,0
0.24,0.05,0.004,3.0,-1.5,19.23824745242796,0.04395302803282115,0.001372255038169145,0.5550981871415835,0,0,0
0.24,0.05,0.004,3.0,-1.0,19.23824745242796,0.03831210218096427,0.00042700466161978465,0.7793323912540984,0,0,0
0.24,0.05,0.004,3.0,-0.5,19.23824745242796,0.033374335752970545,7.885100287518973e-05,0.9386606199779435,0,0,0
0.24,0.05,0.004,3.0,0.0,19.23824745242796,0.026618044640798116,7.557897980205264e-06,0.9961148548443477,0,0,0
0.24,0.05,0.004,3.0,0.5,19.23824745242796,0.020013874714390006,2.4350774332212878e-06,0.9386607683480381,0,0,0
0.24,0.05,0.004,3.0,1.0,19.23824745242796,0.01813509899792446,9.545376862008677e-06,0.7793323575710815,0,0,0
0.24,0.05,0.004,3.0,1.5,19.23824745242796,0.019297961676260886,0.00012844137653795937,0.5550987205927038,0,0,0
0.24,0.05,0.004,3.0,2.0,19.23824745242796,0.02652385341009956,0.0010754545049048213,0.3194353346963959,0,0,0
0.24,0.05,0.004,3.6,-2.0,19.23824745242796,0.013841086930344366,0.00010010112342492143,0.49966729553882216,0,0,0
0.24,0.05,0.004,3.6,-1.5,19.23824745242796,0.011582183880897611,7.169912724747285e-05,0.6895024166953055,0,0,0
0.24,0.05,0.004,3.6,-1.0,19.23824745242796,0.010247336564628921,3.939759624751478e-05,0.8511054613485511,0,0,0
0.24,0.05,0.004,3.6,-0.5,19.23824745242796,0.00905400066554806,1.5268908254315822e-05,0.9594051998369942,0,0,0
0.24,0.05,0.004,3.6,0.0,19.23824745242796,0.008003183624074574,3.143914727501733e-06,0.9974928446391911,0,0,0
0.24,0.05,0.004,3.6,0.5,19.23824745242796,0.0077291907097455466,3.077411524658842e-08,0.9594051540811876,0,0,0
0.24,0.05,0.004,3.6,1.0,19.23824745242796,0.00853655736866702,1.0702876609144331e-06,0.8511054580832942,0,0,0
0.24,0.05,0.004,3.6,1.5,19.23824745242796,0.009493998517199374,3.228546206084857e-06,0.6895020602220594,0,0,0
0.24,0.05,0.004,3.6,2.0,19.23824745242796,0.010459407946509479,6.065862413261857e-06,0.4996679084057843,0,0,0
0.24,0.05,0.004,4.5,-2.0,19.23824745242796,0.003835781559208072,6.395662149799771e-06,0.6644758771769733,0,0,0
0.24,0.05,0.004,4.5,-1.5,19.23824745242796,0.0035837092664625534,3.674649402270362e-06,0.7997012583883178,0,0,0
0.24,0.05,0.004,4.5,-1.0,19.23824745242796,0.003327448969765476,1.7488380721342765e-06,0.9069450174988508,0,0,0
0.24,0.05,0.004,4.5,-0.5,19.23824745242796,0.0030881069009518667,6.167482232684108e-07,0.9757879925599843,0,0,0
0.24,0.05,0.004,4.5,0.0,19.23824745242796,0.0029126702802232795,1.2034963502698146e-07,0.9995094522736407,0,1,0
0.24,0.05,0.004,4.5,0.5,19.23824745242796,0.002898483457758001,2.6964164841521147e-09,0.9757879708315067,0,0,0
0.24,0.05,0.004,4.5,1.0,19.23824745242796,0.003093082834905752,1.7237423353449528e-08,0.9069450609916745,0,0,0
0.24,0.05,0.004,4.5,1.5,19.23824745242796,0.0033888199647766548,5.7106294797334986e-08,0.7997012129313209,0,0,0
0.24,0.05,0.004,4.5,2.0,19.23824745242796,0.0037276459850076444,2.6476625489874163e-07,0.6644759778439766,0,0,0
0.24,0.05,0.004,5.5,-2.0,19.23824745242796,0.001780280036843856,1.0409604377815558e-06,0.7733835703435012,0,0,0
0.24,0.05,0.004,5.5,-1.5,19.23824745242796,0.0017112693841098143,3.905431218187726e-07,0.8676495755977713,0,0,0
0.24,0.05,0.004,5.5,-1.0,19.23824745242796,0.0016290602770227282,1.032665911276104e-07,0.9395840007580043,0,0,0
0.24,0.05,0.004,5.5,-0.5,19.23824745242796,0.0015333686559116648,1.2717704945289762e-08,0.9846502345993304,0,0,0
0.24,0.05,0.004,5.5,0.0,19.23824745242796,0.0014326790051520948,5.726029651800376e-12,0.9999965183300061,0,1,0
0.24,0.05,0.004,5.5,0.5,19.23824745242796,0.0013298592509096933,1.538094646674538e-10,0.9846502613896785,0,0,0
0.24,0.05,0.004,5.5,1.0,19.23824745242796,0.0012343491185390655,9.37218626509234e-09,0.9395840381751275,0,0,0
0.24,0.05,0.004,5.5,1.5,19.23824745242796,0.0011733746410891538,9.31776477093836e-08,0.8676496606859867,0,0,0
0.24,0.05,0.004,5.5,2.0,19.23824745242796,0.0011765328069116723,3.9439253195367725e-07,0.7733839603795795,0,0,0
0.24,0.05,0.004,7.0,-2.0,19.23824745242796,0.00048322086421748785,3.930242814900673e-08,0.8621376093632759,1,0,0
0.24,0.05,0.004,7.0,-1.5,19.23824745242796,0.0004695962630692387,1.598061795120637e-08,0.9207309643439193,1,0,0
0.24,0.05,0.004,7.0,-1.0,19.23824745242796,0.0004567231027289412,4.894673992578056e-09,0.9642103276688841,1,0,0
0.24,0.05,0.004,7.0,-0.5,19.23824745242796,0.00044705712923170644,8.801559328492029e-10,0.990962032729171,1,0,0
0.24,0.05,0.004,7.0,0.0,19.23824745242796,0.0004443825087690033,3.9446617584600394e-11,0.9999912629597878,1,1,1
0.24,0.05,0.004,7.0,0.5,19.23824745242796,0.00045383616685884846,3.683946151958101e-12,0.990962032914428,1,0,0
0.24,0.05,0.004,7.0,1.0,19.23824745242796,0.0004712395986458272,1.5628554792142373e-10,0.9642103427202559,1,0,0
0.24,0.05,0.004,7.0,1.5,19.23824745242796,0.0004900790344182415,1.8707974198962586e-09,0.9207309662366555,1,0,0
0.24,0.05,0.004,7.0,2.0,19.23824745242796,0.0005092875283645365,8.725711692627998e-09,0.8621376319721933,1,0,0
0.32,0.02,0.0016,3.0,-2.0,22.21441469079183,5.268285938693201e-06,4.052524221105112e-09,0.5222265472080168,1,0,0
0.32,0.02,0.0016,3.0,-1.5,22.21441469079183,5.0391883480551804e-06,3.2557096649491732e-09,0.7059432264772012,1,0,0
0.32,0.02,0.0016,3.0,-1.0,22.21441469079183,4.751244067017774e-06,2.064682109905567e-09,0.8607227818459592,1,0,0
0.32,0.02,0.0016,3.0,-0.5,22.21441469079183,4.4195476514207034e-06,9.360587685491257e-10,0.9638226748301562,1,0,0
0.32,0.02,0.0016,3.0,0.0,22.21441469079183,4.1210961343215015e-06,2.1871869317564212e-10,0.9999791121895185,1,1,1
0.32,0.02,0.0016,3.0,0.5,22.21441469079183,4.00725120519564e-06,3.4564797155645417e-13,0.9638226257616022,1,0,0
0.32,0.02,0.0016,3.0,1.0,22.21441469079183,4.215470735820872e-06,1.4571637880869678e-10,0.8607236913390331,1,0,0
0.32,0.02,0.0016,3.0,1.5,22.21441469079183,4.621626606331181e-06,3.9541526508228505e-10,0.7059426576604169,1,0,0
0.32,0.02,0.0016,3.0,2.0,22.21441469079183,5.124090789268908e-06,5.622453659930318e-10,0.5222254357407834,1,0,0
0.32,0.02,0.0016,3.6,-2.0,22.21441469079183,2.6085816585750503e-06,1.920132402151956e-09,0.691911681848141,1,0,0
0.32,0.02,0.0016,3.6,-1.5,22.21441469079183,2.5110909301974962e-06,7.37119293545075e-10,0.8172957964149924,1,0,0
0.32,0.02,0.0016,3.6,-1.0,22.21441469079183,2.3816784930633735e-06,2.0101497416220906e-10,0.9156961086427343,1,0,0
0.32,0.02,0.0016,3.6,-0.5,22.21441469079183,2.2305864069930385e-06,2.63336022576123e-11,0.9784464162809887,1,0,0
0.32,0.02,0.0016,3.6,0.0,22.21441469079183,2.062877527791508e-06,9.390456822106815e-14,0.9999996183726967,1,1,1
0.32,0.02,0.0016,3.6,0.5,22.21441469079183,1.8967973784484582e-06,2.9071767640268856e-13,0.9784464248319296,1,0,0
0.32,0.02,0.0016,3.6,1.0,22.21441469079183,1.7596874174018215e-06,2.3500513054079587e-11,0.9156962992817134,1,0,0
0.32,0.02,0.0016,3.6,1.5,22.21441469079183,1.7314044887323653e-06,2.1351636185070957e-10,0.8172965642768446,1,0,0
0.32,0.02,0.0016,3.6,2.0,22.21441469079183,1.7814643199424178e-06,8.878684709383617e-10,0.6919109808807725,1,0,0
0.32,0.02,0.0016,4.5,-2.0,22.21441469079183,7.289745385606188e-07,9.71249104390368e-11,0.8202668486142611,1,0,0
0.32,0.02,0.0016,4.5,-1.5,22.21441469079183,7.069523649954389e-07,3.731029193989768e-11,0.8959234973855279,1,0,0
0.32,0.02,0.0016,4.5,-1.0,22.21441469079183,6.863392419868679e-07,1.0273684759268898e-11,0.9527786772517985,1,0,0
0.32,0.02,0.0016,4.5,-0.5,22.21441469079183,6.721441540150853e-07,1.4227151491462006e-12,0.9880477114029899,1,0,0
0.32,0.02,0.0016,4.5,0.0,22.21441469079183,6.722931940770262e-07,1.709126475146878e-14,0.9999998521634273,1,1,1
0.32,0.02,0.0016,4.5,0.5,22.21441469079183,6.969616838662476e-07,9.647655110556367e-14,0.9880477227771127,1,0,0
0.32,0.02,0.0016,4.5,1.0,22.21441469079183,7.303057560345136e-07,4.220195143394112e-12,0.9527786912375568,1,0,0
0.32,0.02,0.0016,4.5,1.5,22.21441469079183,7.6425220353768e-07,9.074364823383664e-12,0.8959233964212088,1,0,0
0.32,0.02,0.0016,4.5,2.0,22.21441469079183,7.972615846271099e-07,3.5008251240385564e-11,0.8202670846418791,1,0,0
0.32,0.02,0.0016,5.5,-2.0,22.21441469079183,3.639577140790021e-07,5.186145025330807e-12,0.8882892042900475,1,0,0
0.32,0.02,0.0016,5.5,-1.5,22.21441469079183,3.5536794564438576e-07,2.3602835682888427e-12,0.9360524234416601,1,0,0
0.32,0.02,0.0016,5.5,-1.0,22.21441469079183,3.462231759495517e-07,8.825013646192291e-13,0.9712217654254633,1,0,0
0.32,0.02,0.0016,5.5,-0.5,22.21441469079183,3.3636959722874226e-07,2.614905175476293e-13,0.9927512592970431,1,0,0
0.32,0.02,0.0016,5.5,0.0,22.21441469079183,3.266721051614797e-07,2.6810771654781895e-14,0.999999775783836,1,1,1
0.32,0.02,0.0016,5.5,0.5,22.21441469079183,3.1728784498625374e-07,5.39282041202826e-13,0.9927512630017447,1,0,0
0.32,0.02,0.0016,5.5,1.0,22.21441469079183,3.098234217711873e-07,1.6116427874892568e-13,0.9712216872049665,1,0,0
0.32,0.02,0.0016,5.5,1.5,22.21441469079183,3.078013666007174e-07,9.025131029064415e-14,0.9360522998553694,1,0,0
0.32,0.02,0.0016,5.5,2.0,22.21441469079183,3.109803744695943e-07,4.806172599654478e-13,0.888289064103861,1,0,0
0.32,0.02,0.0016,7.0,-2.0,22.21441469079183,1.2866466374831628e-07,3.513812621289072e-13,0.9360087082333131,1,0,0
0.32,0.02,0.0016,7.0,-1.5,22.21441469079183,1.2671499962518089e-07,1.6726039410092616e-13,0.9636490537034603,1,0,0
0.32,0.02,0.0016,7.0,-1.0,22.21441469079183,1.2464217353952047e-07,3.543109913640036e-11,0.9837302385505226,1,0,0
0.32,0.02,0.0016,7.0,-0.5,22.21441469079183,1.2248733688433972e-07,2.3165524172368793e-13,0.9959153922242368,1,0,0
0.32,0.02,0.0016,7.0,0.0,22.21441469079183,1.202937195996781e-07,9.865102192057188e-15,0.9999999922007681,1,1,1
0.32,0.02,0.0016,7.0,0.5,22.21441469079183,1.1810428271206309e-07,1.0983812609359946e-10,0.995915404447702,1,0,0
0.32,0.02,0.0016,7.0,1.0,22.21441469079183,1.1592698362942728e-07,4.9415754292362316e-11,0.983730250931439,1,0,0
0.32,0.02,0.0016,7.0,1.5,22.21441469079183,1.1404282628648171e-07,2.891304666346469e-13,0.9636490710484985,1,0,0
0.32,0.02,0.0016,7.0,2.0,22.21441469079183,1.1344468829512658e-07,7.863909604505928e-13,0.9360086656757842,1,0,0
0.32,0.03,0.0024,3.0,-2.0,22.21441469079183,2.6678375962455986e-05,2.0813863590227433e-08,0.5253328133814521,1,0,0
0.32,0.03,0.0024,3.0,-1.5,22.21441469079183,2.549752298854803e-05,1.6641045638080363e-08,0.7080505801430234,1,0,0
0.32,0.03,0.0024,3.0,-1.0,22.21441469079183,2.4020356697570766e-05,1.0502980850516734e-08,0.8617754069101358,1,0,0
0.32,0.03,0.0024,3.0,-0.5,22.21441469079183,2.233084983957115e-05,4.752061539020037e-09,0.9640868191902646,1,0,0
0.32,0.03,0.0024,3.0,0.0,22.21441469079183,2.081387064043454e-05,1.104104315682515e-09,0.9999530142720967,1,1,1
0.32,0.03,0.0024,3.0,0.5,22.21441469079183,2.0235943561723175e-05,9.852857516397867e-13,0.9640868871664113,1,0,0
0.32,0.03,0.0024,3.0,1.0,22.21441469079183,2.1293875426675782e-05,7.290635817883818e-10,0.8617756425538498,1,0,0
0.32,0.03,0.0024,3.0,1.5,22.21441469079183,2.3355473813693727e-05,2.0038777722484983e-09,0.7080510346223776,1,0,0
0.32,0.03,0.0024,3.0,2.0,22.21441469079183,2.5902449164987265e-05,2.8572092238579366e-09,0.5253328315775831,1,0,0
0.32,0.03,0.0024,3.6,-2.0,22.21441469079183,1.3182428732265015e-05,9.758455962353543e-09,0.6933611292761261,1,0,0
0.32,0.03,0.0024,3.6,-1.5,22.21441469079183,1.2688871490439902e-05,3.733142874543222e-09,0.8182036853256739,1,0,0
0.32,0.03,0.0024,3.6,-1.0,22.21441469079183,1.203543321240269e-05,1.0142146901814534e-09,0.9161297678595918,1,0,0
0.32,0.03,0.0024,3.6,-0.5,22.21441469079183,1.1271952521996512e-05,1.3208503026205391e-10,0.9785593135522372,1,0,0
0.32,0.03,0.0024,3.6,0.0,22.21441469079183,1.0425502502334349e-05,4.638466412554612e-13,0.9999991417126534,1,1,1
0.32,0.03,0.0024,3.6,0.5,22.21441469079183,9.58662188624763e-06,1.4060017747043438e-12,0.9785592839556569,1,0,0
0.32,0.03,0.0024,3.6,1.0,22.21441469079183,8.893077124380791e-06,1.1636894718513026e-10,0.9161298056192163,1,0,0
0.32,0.03,0.0024,3.6,1.5,22.21441469079183,8.744512866840935e-06,1.0807543896336243e-09,0.8182033383543026,1,0,0
0.32,0.03,0.0024,3.6,2.0,22.21441469079183,8.99362961735758e-06,4.489202199948266e-09,0.6933611539426435,1,0,0
0.32,0.03,0.0024,4.5,-2.0,22.21441469079183,3.688122435191234e-06,4.891055098652194e-10,0.8208331474437848,1,0,0
0.32,0.03,0.0024,4.5,-1.5,22.21441469079183,3.576053019091769e-06,1.86642421315653e-10,0.8962611031837493,1,0,0
0.32,0.03,0.0024,4.5,-1.0,22.21441469079183,3.4716173508582243e-06,5.142466295780013e-11,0.9529347605049564,1,0,0
0.32,0.03,0.0024,4.5,-0.5,22.21441469079183,3.399846926898902e-06,7.13922733711531e-12,0.9880875596990571,1,0,0
0.32,0.03,0.0024,4.5,0.0,22.21441469079183,3.400238873010174e-06,3.952231817061676e-13,0.9999996674027184,1,1,1
0.32,0.03,0.0024,4.5,0.5,22.21441469079183,3.524993889207839e-06,6.332262307593945e-14,0.9880875691169418,1,0,0
0.32,0.03,0.0024,4.5,1.0,22.21441469079183,3.6935999818409143e-06,4.4556546627622794e-12,0.952934729319426,1,0,0
0.32,0.03,0.0024,4.5,1.5,22.21441469079183,3.865111415948534e-06,4.172855864514559e-11,0.8962610380766216,1,0,0
0.32,0.03,0.0024,4.5,2.0,22.21441469079183,4.03206246493589e-06,1.773201745508182e-10,0.8208333806441458,1,0,0
0.32,0.03,0.0024,5.5,-2.0,22.21441469079183,1.841213380714567e-06,2.5875514886065297e-11,0.888530776376481,1,0,0
0.32,0.03,0.0024,5.5,-1.5,22.21441469079183,1.7978639353785559e-06,1.1797259684837135e-11,0.9361929668759073,1,0,0
0.32,0.03,0.0024,5.5,-1.0,22.21441469079183,1.7516686404147552e-06,4.231833464821896e-12,0.9712855931805597,1,0,0
0.32,0.03,0.0024,5.5,-0.5,22.21441469079183,1.7015735391084573e-06,1.1740313208172578e-12,0.9927672550880675,1,0,0
0.32,0.03,0.0024,5.5,0.0,22.21441469079183,1.6525637003306055e-06,6.74480969013369e-13,0.9999994954104215,1,1,1
0.32,0.03,0.0024,5.5,0.5,22.21441469079183,1.6051471765762324e-06,1.123465262876999e-13,0.9927672643398112,1,0,0
0.32,0.03,0.0024,5.5,1.0,22.21441469079183,1.5675578380407094e-06,7.376894715323841e-13,0.9712855608603316,1,0,0
0.32,0.03,0.0024,5.5,1.5,22.21441469079183,1.5570810540958646e-06,3.9495997483191245e-13,0.9361930232850483,1,0,0
0.32,0.03,0.0024,5.5,2.0,22.21441469079183,1.5728143725626825e-06,2.083362435356382e-12,0.8885308775695744,1,0,0
0.32,0.03,0.0024,7.0,-2.0,22.21441469079183,6.510646388530832e-07,1.7832539524243827e-12,0.9360948678868021,1,0,0
0.32,0.03,0.0024,7.0,-1.5,22.21441469079183,6.411964640632484e-07,7.05364100037571e-13,0.9636984408980696,1,0,0
0.32,0.03,0.0024,7.0,-1.0,22.21441469079183,6.306990767707547e-07,2.1932218567985946e-13,0.983752478272289,1,0,0
0.32,0.03,0.0024,7.0,-0.5,22.21441469079183,6.19826664757172e-07,5.85794276512884e-14,0.9959210054167005,1,0,0
0.32,0.03,0.0024,7.0,0.0,22.21441469079183,6.087107683695016e-07,2.8126629494957885e-13,0.9999999825446056,1,1,1
0.32,0.03,0.0024,7.0,0.5,22.21441469079183,5.976038154186172e-07,5.4262973841169005e-11,0.9959210021651561,1,0,0
0.32,0.03,0.0024,7.0,1.0,22.21441469079183,5.866359058011623e-07,1.7392834069758717e-10,0.983752485898441,1,0,0
0.32,0.03,0.0024,7.0,1.5,22.21441469079183,5.771310819196223e-07,1.509516102461505e-13,0.963698433995259,1,0,0
0.32,0.03,0.0024,7.0,2.0,22.21441469079183,5.740940710124158e-07,1.2857442781933325e-12,0.9360948903709294,1,0,0
0.32,0.04,0.0032,3.0,-2.0,22.21441469079183,8.434752976976745e-05,6.710531609924394e-08,0.5296432486913583,1,0,0
0.32,0.04,0.0032,3.0,-1.5,22.21441469079183,8.05213060794911e-05,5.32550788123922e-08,0.710972085398108,1,0,0
0.32,0.04,0.0032,3.0,-1.0,22.21441469079183,7.577324331452076e-05,3.342553232503552e-08,0.8632319673888289,1,0,0
0.32,0.04,0.0032,3.0,-0.5,22.21441469079183,7.03831648333741e-05,1.5063054657924786e-08,0.9644517350240501,1,0,0
0.32,0.04,0.0032,3.0,0.0,22.21441469079183,6.556114318327707e-05,3.4878367459162077e-09,0.9999164711173661,1,1,1
0.32,0.04,0.0032,3.0,0.5,22.21441469079183,6.37312918281671e-05,3.031513478457942e-12,0.9644519229764391,1,0,0
0.32,0.04,0.0032,3.0,1.0,22.21441469079183,6.709730830223393e-05,2.3082450130782303e-09,0.8632320176950554,1,0,0
0.32,0.04,0.0032,3.0,1.5,22.21441469079183,7.363162210647938e-05,6.353391818356638e-09,0.7109716263339507,1,0,0
0.32,0.04,0.0032,3.0,2.0,22.21441469079183,8.169644914200099e-05,9.096251047424389e-09,0.5296429400796216,1,0,0
0.32,0.04,0.0032,3.6,-2.0,22.21441469079183,4.1560514706186975e-05,3.095611885986063e-08,0.6953757297037672,1,0,0
0.32,0.04,0.0032,3.6,-1.5,22.21441469079183,3.9998077414763665e-05,1.182195715074593e-08,0.8194635319066833,1,0,0
0.32,0.04,0.0032,3.6,-1.0,22.21441469079183,3.79392983457267e-05,3.208079413511935e-09,0.9167320746624437,1,0,0
0.32,0.04,0.0032,3.6,-0.5,22.21441469079183,3.5535806255907264e-05,4.151426204483032e-10,0.9787160242784279,1,0,0
0.32,0.04,0.0032,3.6,0.0,22.21441469079183,3.287231099827113e-05,1.297992643233375e-12,0.9999984741571101,1,1,1
0.32,0.04,0.0032,3.6,0.5,22.21441469079183,3.0229791301560922e-05,4.3844836087217435e-12,0.9787160468583587,1,0,0
0.32,0.04,0.0032,3.6,1.0,22.21441469079183,2.8036254877825836e-05,3.6692201545140253e-10,0.9167324631127434,1,0,0
0.32,0.04,0.0032,3.6,1.5,22.21441469079183,2.7544505950191617e-05,3.401294981101186e-09,0.8194638138463082,1,0,0
0.32,0.04,0.0032,3.6,2.0,22.21441469079183,2.831296686520897e-05,1.4134824522258445e-08,0.6953754285123473,1,0,0
0.32,0.04,0.0032,4.5,-2.0,22.21441469079183,1.1646504212989393e-05,1.5455430758533226e-09,0.8216227425088783,1,0,0
0.32,0.04,0.0032,4.5,-1.5,22.21441469079183,1.1291391766561607e-05,5.933847580120631e-10,0.8967315013555364,1,0,0
0.32,0.04,0.0032,4.5,-1.0,22.21441469079183,1.0959765991823701e-05,1.635217809227526e-10,0.953152203719985,1,0,0
0.32,0.04,0.0032,4.5,-0.5,22.21441469079183,1.0731621321485158e-05,2.2470530051609534e-11,0.9881430774893128,1,0,0
0.32,0.04,0.0032,4.5,0.0,22.21441469079183,1.0732193666195827e-05,2.2293751443000572e-13,0.9999994082906958,1,1,1
0.32,0.04,0.0032,4.5,0.5,22.21441469079183,1.1125030674280286e-05,2.4899573520059977e-13,0.9881430931658213,1,0,0
0.32,0.04,0.0032,4.5,1.0,22.21441469079183,1.165710399731163e-05,1.3800811201812314e-11,0.9531522325811923,1,0,0
0.32,0.04,0.0032,4.5,1.5,22.21441469079183,1.2198206089123486e-05,1.3187140738711217e-10,0.8967314167541793,1,0,0
0.32,0.04,0.0032,4.5,2.0,22.21441469079183,1.2725579648788816e-05,5.590867936978521e-10,0.8216229980995349,1,0,0
0.32,0.04,0.0032,5.5,-2.0,22.21441469079183,5.813855381127629e-06,8.235759781035327e-11,0.888867927219991,1,0,0
0.32,0.04,0.0032,5.5,-1.5,22.21441469079183,5.676234447876547e-06,3.743523553260888e-11,0.9363890537150427,1,0,0
0.32,0.04,0.0032,5.5,-1.0,22.21441469079183,5.530669484644573e-06,1.3730237158418403e-11,0.9713747307340002,1,0,0
0.32,0.04,0.0032,5.5,-0.5,22.21441469079183,5.373007574589015e-06,3.334772199466879e-12,0.9927895690125864,1,0,0
0.32,0.04,0.0032,5.5,0.0,22.21441469079183,5.2179867233039206e-06,1.8349077669437264e-12,0.9999991031165215,1,1,1
0.32,0.04,0.0032,5.5,0.5,22.21441469079183,5.068413701135647e-06,1.3647252493232548e-14,0.992789584445564,1,0,0
0.32,0.04,0.0032,5.5,1.0,22.21441469079183,4.949562304278309e-06,1.3669523464976596e-12,0.9713747221184743,1,0,0
0.32,0.04,0.0032,5.5,1.5,22.21441469079183,4.915803505168036e-06,1.1904754815314815e-12,0.9363891661088172,1,0,0
0.32,0.04,0.0032,5.5,2.0,22.21441469079183,4.966555677862453e-06,7.72895291194011e-12,0.8888677978457415,1,0,0
0.32,0.04,0.0032,7.0,-2.0,22.21441469079183,2.0565864353281926e-06,5.514550643067201e-12,0.9362153182199237,1,0,0
0.32,0.04,0.0032,7.0,-1.5,22.21441469079183,2.025340427055753e-06,2.0829816213421445e-12,0.9637674761884456,1,0,0
0.32,0.04,0.0032,7.0,-1.0,22.21441469079183,1.992173482495377e-06,6.067271080317523e-13,0.9837835978596551,1,0,0
0.32,0.04,0.0032,7.0,-0.5,22.21441469079183,1.9577399088318806e-06,1.1009735508616912e-13,0.9959288344712789,1,0,0
0.32,0.04,0.0032,7.0,0.0,22.21441469079183,1.9227224204068586e-06,4.0015139729815355e-14,0.9999999689280363,1,1,1
0.32,0.04,0.0032,7.0,0.5,22.21441469079183,1.8876435408793817e-06,3.963118670978587e-14,0.9959288288352063,1,0,0
0.32,0.04,0.0032,7.0,1.0,22.21441469079183,1.8530100964921489e-06,6.751440508189779e-14,0.9837835995253519,1,0,0
0.32,0.04,0.0032,7.0,1.5,22.21441469079183,1.82304266139448e-06,4.413730637298834e-13,0.963767474324007,1,0,0
0.32,0.04,0.0032,7.0,2.0,22.21441469079183,1.8134439923974063e-06,1.750145127314634e-12,0.9362152831059588,1,0,0
0.32,0.05,0.004,3.0,-2.0,22.21441469079183,0.00020601315798074508,1.6811185425537743e-07,0.5351197157511538,1,0,0
0.32,0.05,0.004,3.0,-1.5,22.21441469079183,0.00019638075191211665,1.3210356723691244e-07,0.7146754318712657,1,0,0
0.32,0.05,0.004,3.0,-1.0,22.21441469079183,0.00018454247094299562,8.232434403078944e-08,0.8650760449249678,1,0,0
0.32,0.05,0.004,3.0,-0.5,22.21441469079183,0.00017123004484697205,3.69173534935803e-08,0.9649133830799065,1,0,0
0.32,0.05,0.004,3.0,0.0,22.21441469079183,0.00015937249370710516,8.515707485735063e-09,0.9998694894494622,1,1,1
0.32,0.05,0.004,3.0,0.5,22.21441469079183,0.00015488899926616441,7.879348347191794e-12,0.9649133236858991,1,0,0
0.32,0.05,0.004,3.0,1.0,22.21441469079183,0.00016317947679235826,5.649272711077156e-09,0.865075969766314,1,0,0
0.32,0.05,0.004,3.0,1.5,22.21441469079183,0.0001791881201400151,1.5584358320131468e-08,0.7146750060008414,1,0,0
0.32,0.05,0.004,3.0,2.0,22.21441469079183,0.00019891642061912673,2.2433147124005214e-08,0.5351189328433422,1,0,0
0.32,0.05,0.004,3.6,-2.0,22.21441469079183,0.00010114411783761166,7.594286980607653e-08,0.6979415858463754,1,0,0
0.32,0.05,0.004,3.6,-1.5,22.21441469079183,9.73222025106031e-05,2.8953022617091462e-08,0.8210681492834819,1,0,0
0.32,0.05,0.004,3.6,-1.0,22.21441469079183,9.231829615126073e-05,7.833120665839843e-09,0.9174988410770961,1,0,0
0.32,0.05,0.004,3.6,-0.5,22.21441469079183,8.647809893415211e-05,1.0111870467673742e-09,0.9789154290504093,1,0,0
0.32,0.05,0.004,3.6,0.0,22.21441469079183,8.00108295510608e-05,3.1058377280619596e-12,0.999997616034151,1,1,1
0.32,0.05,0.004,3.6,0.5,22.21441469079183,7.35878836210093e-05,1.0489988680375417e-11,0.9789153458659561,1,0,0
0.32,0.05,0.004,3.6,1.0,22.21441469079183,6.822873153802383e-05,8.961031685299153e-10,0.9174988024764573,1,0,0
0.32,0.05,0.004,3.6,1.5,22.21441469079183,6.696099047013497e-05,8.279458153073986e-09,0.8210684103804445,1,0,0
0.32,0.05,0.004,3.6,2.0,22.21441469079183,6.877744863807837e-05,3.437032732218024e-08,0.6979415988435032,1,0,0
0.32,0.05,0.004,4.5,-2.0,22.21441469079183,2.8404496466586447e-05,3.784958966459002e-09,0.8226315060716234,1,0,0
0.32,0.05,0.004,4.5,-1.5,22.21441469079183,2.7531604043477205e-05,1.4494847763435745e-09,0.8973323292872237,1,0,0
0.32,0.05,0.004,4.5,-1.0,22.21441469079183,2.671806970905826e-05,3.984950181543749e-10,0.953430066001592,1,0,0
0.32,0.05,0.004,4.5,-0.5,22.21441469079183,2.615816389654644e-05,5.492226841587224e-11,0.9882139836359741,1,0,0
0.32,0.05,0.004,4.5,0.0,22.21441469079183,2.6155893197245546e-05,7.487019457316757e-13,0.9999990755755075,1,1,1
0.32,0.05,0.004,4.5,0.5,22.21441469079183,2.711188566384557e-05,3.633337295893008e-13,0.988213975740981,1,0,0
0.32,0.05,0.004,4.5,1.0,22.21441469079183,2.8408105244878577e-05,3.2998924898337366e-11,0.953430123067336,1,0,0
0.32,0.05,0.004,4.5,1.5,22.21441469079183,2.9726178524481564e-05,3.2156380520993194e-10,0.8973321883824708,1,0,0
0.32,0.05,0.004,4.5,2.0,22.21441469079183,3.101268050993673e-05,1.3598453897308273e-09,0.8226312775569199,1,0,0
0.32,0.05,0.004,5.5,-2.0,22.21441469079183,1.4175617019092002e-05,2.0132942642717407e-10,0.8892996043160678,1,0,0
0.32,0.05,0.004,5.5,-1.5,22.21441469079183,1.3840096214162654e-05,9.173695172447602e-11,0.9366401997795968,1,0,0
0.32,0.05,0.004,5.5,-1.0,22.21441469079183,1.348573251138803e-05,3.259981449497393e-11,0.9714888762096615,1,0,0
0.32,0.05,0.004,5.5,-0.5,22.21441469079183,1.3101375776090998e-05,8.394947998132156e-12,0.992818145550854,1,0,0
0.32,0.05,0.004,5.5,0.0,22.21441469079183,1.2723838334671736e-05,1.016529331538907e-12,0.9999985987808383,1,1,1
0.32,0.05,0.004,5.5,0.5,22.21441469079183,1.2358893351939054e-05,2.0562336614594267e-13,0.9928181417091666,1,0,0
0.32,0.05,0.004,5.5,1.0,22.21441469079183,1.2069247139780164e-05,4.858243232557994e-12,0.9714888205397053,1,0,0
0.32,0.05,0.004,5.5,1.5,22.21441469079183,1.198651544335735e-05,3.2326467752875476e-12,0.936640188693917,1,0,0
0.32,0.05,0.004,5.5,2.0,22.21441469079183,1.2109296722532796e-05,1.8875956026226387e-11,0.8892995102467159,1,0,0
0.32,0.05,0.004,7.0,-2.0,22.21441469079183,5.017244057932568e-06,1.3424784126957953e-11,0.9363696712080426,1,0,0
0.32,0.05,0.004,7.0,-1.5,22.21441469079183,4.941092923170429e-06,5.1349321069943305e-12,0.9638560120446975,1,0,0
0.32,0.05,0.004,7.0,-1.0,22.21441469079183,4.8600211011855e-06,1.3251977096260445e-12,0.9838234749745841,1,0,0
0.32,0.05,0.004,7.0,-0.5,22.21441469079183,4.776097874243764e-06,1.900325252617885e-13,0.995938876259279,1,0,0
0.32,0.05,0.004,7.0,0.0,22.21441469079183,4.690676951857663e-06,6.688461079405912e-12,0.9999999514288321,1,1,1
0.32,0.05,0.004,7.0,0.5,22.21441469079183,4.605120063585864e-06,2.4876058086810015e-11,0.9959388627022628,1,0,0
0.32,0.05,0.004,7.0,1.0,22.21441469079183,4.5207418029109835e-06,3.262621993155093e-13,0.983823449606259,1,0,0
0.32,0.05,0.004,7.0,1.5,22.21441469079183,4.447671467555463e-06,2.8095931396060063e-11,0.9638560201803985,1,0,0
0.32,0.05,0.004,7.0,2.0,22.21441469079183,4.424334432282422e-06,4.090851738800759e-12,0.9363696732036418,1,0,0
