alpha,v_low,leakage_coupling,oscillator_ratio,max_high_population,final_high_population,F_X,t_gate,passes_leakage,passes_fidelity,passes_both
0.5,0.08,0.004,2.0,0.00017501109598321875,0.00017501109598321875,0.981349614331038,11.107207345395915,1,0,0
0.5,0.08,0.004,2.4,0.0001367693477381818,0.0001367693477381818,0.9835066769461994,11.107207345395915,1,0,0
0.5,0.08,0.004,3.0,8.528252270258079e-05,8.528252270258079e-05,0.9869683312412268,11.107207345395915,1,0,0
0.5,0.08,0.004,3.6,4.6213794716552826e-05,4.6138479114289974e-05,0.9904091593310581,11.107207345395915,1,0,0
0.5,0.08,0.004,4.5,1.8970326693638802e-05,1.2995921419230544e-05,0.9949059216278355,11.107207345395915,1,0,0
0.5,0.08,0.006,2.0,0.0008722336576883374,0.0008722336576883374,0.958525024173546,11.107207345395915,1,0,0
0.5,0.08,0.006,2.4,0.0006828861203764337,0.0006828861203764337,0.9632720289712456,11.107207345395915,1,0,0
0.5,0.08,0.006,3.0,0.0004270609934301553,0.0004270609934301553,0.9709172770381473,11.107207345395915,1,0,0
0.5,0.08,0.006,3.6,0.00023209004963792255,0.0002317134509472382,0.978549837631318,11.107207345395915,1,0,0
0.5,0.08,0.006,4.5,9.554646030493208e-05,6.551489222578385e-05,0.9885747819155081,11.107207345395915,1,0,0
0.5,0.08,0.008,2.0,0.0026970874587957114,0.0026970874587957114,0.9274596724379462,11.107207345395915,0,0,0
0.5,0.08,0.008,2.4,0.002116962530388728,0.002116962530388728,0.9356410005054898,11.107207345395915,0,0,0
0.5,0.08,0.008,3.0,0.0013292994019847714,0.0013292994019847714,0.948883390893056,11.107207345395915,0,0,0
0.5,0.08,0.008,3.6,0.0007253390730595754,0.000724169095309463,0.9621849626154889,11.107207345395915,1,0,0
0.5,0.08,0.008,4.5,0.00029981787740764905,0.000205838344686151,0.9797787848778832,11.107207345395915,1,0,0
0.5,0.08,0.01,2.0,0.0064027985821979065,0.0064027985821979065,0.88899330929905,11.107207345395915,0,0,0
0.5,0.08,0.01,2.4,0.00504191949191752,0.00504191949191752,0.9012768074631611,11.107207345395915,0,0,0
0.5,0.08,0.01,3.0,0.00318248190028514,0.00318248190028514,0.9212872628811603,11.107207345395915,0,0,0
0.5,0.08,0.01,3.6,0.0017455242109749394,0.0017427294424779804,0.9415459091734197,11.107207345395915,0,0,0
0.5,0.08,0.01,4.5,0.0007252494624573312,0.0004987106483614537,0.9685845699470012,11.107207345395915,1,0,0
0.5,0.08,0.012,2.0,0.012831743372314571,0.012831743372314571,0.8441387420110426,11.107207345395915,0,0,0
0.5,0.08,0.012,2.4,0.01014425796130641,0.01014425796130641,0.860985427134746,11.107207345395915,0,0,0
0.5,0.08,0.012,3.0,0.006443690434174215,0.006443690434174215,0.8886462107858041,11.107207345395915,0,0,0
0.5,0.08,0.012,3.6,0.00355646972400207,0.003550826558778898,0.9169206559203723,11.107207345395915,0,0,0
0.5,0.08,0.012,4.5,0.0014870222231698255,0.0010245229484851814,0.9550762905735413,11.107207345395915,0,0,0
0.5,0.08,0.016,2.0,0.0372087038739445,0.0372087038739445,0.7399121369668203,11.107207345395915,0,0,0
0.5,0.08,0.016,2.4,0.02970717178954903,0.02970717178954903,0.7663673193878922,11.107207345395915,0,0,0
0.5,0.08,0.016,3.0,0.019172204513895914,0.019172204513895914,0.8106835467728346,11.107207345395915,0,0,0
0.5,0.08,0.016,3.6,0.010750429702133387,0.010733759924117786,0.8571053702916631,11.107207345395915,0,0,0
0.5,0.08,0.016,4.5,0.004567135893583978,0.0031621510016182344,0.9215355820158477,11.107207345395915,0,0,0
0.5,0.1,0.004,2.0,0.00010169790647434032,0.00010169790647434032,0.9857722021626286,12.418235332245127,1,0,0
0.5,0.1,0.004,2.4,6.0482478264706194e-05,6.0482478264706194e-05,0.9890216573786843,12.418235332245127,1,0,0
0.5,0.1,0.004,3.0,2.516191593007481e-05,2.117504187738473e-05,0.9934991789625733,12.418235332245127,1,0,0
0.5,0.1,0.004,3.6,1.2151948881224096e-05,4.6732560579433685e-06,0.9969442554977839,12.418235332245127,1,0,0
0.5,0.1,0.004,4.5,4.9838159259027886e-06,6.712976477547716e-08,0.9996335583525544,12.418235332245127,1,1,1
0.5,0.1,0.006,2.0,0.0005087498949475915,0.0005087498949475915,0.9682717581940996,12.418235332245127,1,0,0
0.5,0.1,0.006,2.4,0.0003033959923370551,0.0003033959923370551,0.9754680412050447,12.418235332245127,1,0,0
0.5,0.1,0.006,3.0,0.0001266322216688164,0.00010662101536224802,0.9854325295014812,12.418235332245127,1,0,0
0.5,0.1,0.006,3.6,6.126673829309805e-05,2.3598862198881203e-05,0.993137695570589,12.418235332245127,1,0,0
0.5,0.1,0.006,4.5,2.5164042084492214e-05,3.3978727152159775e-07,0.9991756924638824,12.418235332245127,1,1,1
0.5,0.1,0.008,2.0,0.0015813424657852885,0.0015813424657852885,0.9442918580582964,12.418235332245127,0,0,0
0.5,0.1,0.008,2.4,0.0009466550123740646,0.0009466550123740646,0.9568044348476246,12.418235332245127,1,0,0
0.5,0.1,0.008,3.0,0.0003969235565560492,0.0003344300428474271,0.9742491274952875,12.418235332245127,1,0,0
0.5,0.1,0.008,3.6,0.0001925223442963148,7.431941655826425e-05,0.9878329158373953,12.418235332245127,1,0,0
0.5,0.1,0.008,4.5,7.923822366026991e-05,1.0735207842077678e-06,0.9985350319457478,12.418235332245127,1,0,0
0.5,0.1,0.01,2.0,0.0037790990234087903,0.0037790990234087903,0.9143311291551961,12.418235332245127,0,0,0
0.5,0.1,0.01,2.4,0.00227339550797345,0.00227339550797345,0.9333321233426433,12.418235332245127,0,0,0
0.5,0.1,0.01,3.0,0.0009588136665939405,0.0008085664485720194,0.9600567316274626,12.418235332245127,1,0,0
0.5,0.1,0.01,3.6,0.0004665641518667559,0.0001806152716179883,0.9810540986140885,12.418235332245127,1,0,0
0.5,0.1,0.01,4.5,0.00019253924464183772,2.6195544797480957e-06,0.9977119290292291,12.418235332245127,1,0,0
0.5,0.1,0.012,2.0,0.007634989154848638,0.007634989154848638,0.8790003438906777,12.418235332245127,0,0,0
0.5,0.1,0.012,2.4,0.004620332650489463,0.004620332650489463,0.9054242926763447,12.418235332245127,0,0,0
0.5,0.1,0.012,3.0,0.0019625620887658056,0.001656800592671606,0.9429909595957134,12.418235332245127,0,0,0
0.5,0.1,0.012,3.6,0.0009587763645129694,0.00037243399109228526,0.9728320166548261,12.418235332245127,1,0,0
0.5,0.1,0.012,4.5,0.0003969475864793989,5.428312316624238e-06,0.9967068355346962,12.418235332245127,1,0,0
0.5,0.1,0.016,2.0,0.022592245391436644,0.022592245391436644,0.7951058758968845,12.418235332245127,0,0,0
0.5,0.1,0.016,2.4,0.013877646799699219,0.013877646799699219,0.8380939055702915,12.418235332245127,0,0,0
0.5,0.1,0.016,3.0,0.006001700570557721,0.005080401606938804,0.9009071773791508,12.418235332245127,0,0,0
0.5,0.1,0.016,3.6,0.0029615314850320535,0.0011604426672069672,0.9522126795586089,12.418235332245127,0,0,0
0.5,0.1,0.016,4.5,0.0012362440312701094,1.7127311671264715e-05,0.9941529831920483,12.418235332245127,0,0,0
0.5,0.14,0.004,2.0,1.6932845736856348e-05,1.0352298905839835e-05,0.9954530312789105,14.693454198173747,1,0,0
0.5,0.14,0.004,2.4,8.175542818017496e-06,1.2367886637176205e-06,0.9984275629390706,14.693454198173747,1,0,0
0.5,0.14,0.004,3.0,3.351380778004474e-06,3.288877749069223e-11,0.9999918913807944,14.693454198173747,1,1,1
0.5,0.14,0.004,3.6,1.6167605866075495e-06,1.298750863433947e-07,0.9994904610191823,14.693454198173747,1,1,1
0.5,0.14,0.004,4.5,6.624909436239618e-07,6.534958702000386e-07,0.9988569701895295,14.693454198173747,1,0,0
0.5,0.14,0.006,2.0,8.53108436619303e-05,5.221358565504055e-05,0.9897983478801546,14.693454198173747,1,0,0
0.5,0.14,0.006,2.4,4.124917141435264e-05,6.253390406485689e-06,0.9964654876630781,14.693454198173747,1,0,0
0.5,0.14,0.006,3.0,1.692967904011485e-05,1.6676542101382702e-10,0.9999817553573992,14.693454198173747,1,1,1
0.5,0.14,0.006,3.6,8.172343233387076e-06,6.571385526382948e-07,0.9988539049730474,14.693454198173747,1,0,0
0.5,0.14,0.006,4.5,3.350665281319379e-06,3.3052151248042874e-06,0.997430019151988,14.693454198173747,1,0,0
0.5,0.14,0.008,2.0,0.0002677994701065332,0.0001641479830409196,0.9819357299022524,14.693454198173747,1,0,0
0.5,0.14,0.008,2.4,0.00012975397037184196,1.9728068614669896e-05,0.9937250569075666,14.693454198173747,1,0,0
0.5,0.14,0.008,3.0,5.334473796160084e-05,5.269423566200779e-10,0.9999675650262152,14.693454198173747,1,1,1
0.5,0.14,0.008,3.6,2.577451899364708e-05,2.0755054798634844e-06,0.9979634075569098,14.693454198173747,1,0,0
0.5,0.14,0.008,4.5,1.057551261977417e-05,1.0432193407111548e-05,0.9954357112300376,14.693454198173747,1,0,0
0.5,0.14,0.01,2.0,0.0006481281524963176,0.0003980290134464675,0.9719183535347207,14.693454198173747,1,0,0
0.5,0.14,0.01,2.4,0.0003148673304519931,4.805139471898451e-05,0.9902127174125305,14.693454198173747,1,0,0
0.5,0.14,0.01,3.0,0.0001297315349419871,1.2865627813729324e-09,0.9999493205535471,14.693454198173747,1,1,1
0.5,0.14,0.01,3.6,6.275672691893375e-05,5.063118729597424e-06,0.9968196485015468,14.693454198173747,1,0,0
0.5,0.14,0.01,4.5,2.577459425589626e-05,2.5425607771713892e-05,0.9928774590899708,14.693454198173747,1,0,0
0.5,0.14,0.012,2.0,0.0013297218525030023,0.0008185081940576826,0.9598135692996691,14.693454198173747,0,0,0
0.5,0.14,0.012,2.4,0.0006480928476349797,9.93532251829699e-05,0.9859367128620251,14.693454198173747,1,0,0
0.5,0.14,0.012,3.0,0.00026773870899539533,2.6666028581159892e-09,0.9999270222331004,14.693454198173747,1,1,1
0.5,0.14,0.012,3.6,0.000129704234447982,1.0488887414035507e-05,0.995423500732508,14.693454198173747,1,0,0
0.5,0.14,0.012,4.5,5.33335374764412e-05,5.2612042640293156e-05,0.9897596339516027,14.693454198173747,1,0,0
0.5,0.14,0.016,2.0,0.00409044680532524,0.00253271897598047,0.9296773193307512,14.693454198173747,0,0,0
0.5,0.14,0.016,2.4,0.002010115049670197,0.0003117139497463885,0.975135471914194,14.693454198173747,0,0,0
0.5,0.14,0.016,3.0,0.0008360442615233679,8.42933182511903e-09,0.9998702650336021,14.693454198173747,1,1,1
0.5,0.14,0.016,3.6,0.0004065083517494106,3.307052029510697e-05,0.9918784884456384,14.693454198173747,1,0,0
0.5,0.14,0.016,4.5,0.0001676579760311503,0.00016539620151558807,0.981867456131139,14.693454198173747,1,0,0
0.5,0.18,0.004,2.0,3.755990139273673e-06,1.5357915875781843e-09,0.9999445555535318,16.660811018093874,1,1,1
0.5,0.18,0.004,2.4,1.812610058407405e-06,6.889282582969382e-08,0.9996288936501031,16.660811018093874,1,1,1
0.5,0.18,0.004,3.0,7.423417238994685e-07,6.773415045352418e-07,0.9988363299993204,16.660811018093874,1,0,0
0.5,0.18,0.004,3.6,3.5827224722831677e-07,1.2855859627484543e-07,0.9994929045146412,16.660811018093874,1,1,1
0.5,0.18,0.004,4.5,1.4676842176531957e-07,5.916219658809587e-09,0.9998912749920894,16.660811018093874,1,1,1
0.5,0.18,0.006,2.0,1.8971068462711803e-05,7.780709945266892e-09,0.9998752533186687,16.660811018093874,1,1,1
0.5,0.18,0.006,2.4,9.161534995487297e-06,3.48620690885196e-07,0.9991652067503469,16.660811018093874,1,1,1
0.5,0.18,0.006,3.0,3.7543152716065122e-06,3.425693465937264e-06,0.9973836462598654,16.660811018093874,1,0,0
0.5,0.18,0.006,3.6,1.812438557955384e-06,6.506495586974178e-07,0.9988593935690157,16.660811018093874,1,0,0
0.5,0.18,0.006,4.5,7.427161406355587e-07,2.993630547243771e-08,0.9997553866786721,16.660811018093874,1,1,1
0.5,0.18,0.008,2.0,5.9766459594394765e-05,2.4592161797552735e-08,0.9997782381179616,16.660811018093874,1,1,1
0.5,0.18,0.008,2.4,2.8890761282141072e-05,1.1012405266996145e-06,0.9985164064160956,16.660811018093874,1,0,0
0.5,0.18,0.008,3.0,1.1848633505350589e-05,1.0812107034069381e-05,0.9953534373938275,16.660811018093874,1,0,0
0.5,0.18,0.008,3.6,5.72255987122963e-06,2.055189887447341e-06,0.9979731523224488,16.660811018093874,1,0,0
0.5,0.18,0.008,4.5,2.345819937070902e-06,9.45997876183076e-08,0.9995651743587517,16.660811018093874,1,1,1
0.5,0.18,0.01,2.0,0.0001453156892960031,6.00388849480313e-08,0.9996535179976935,16.660811018093874,1,1,1
0.5,0.18,0.01,2.4,7.033311711133282e-05,2.6869733741577044e-06,0.9976828534824246,16.660811018093874,1,0,0
0.5,0.18,0.01,3.0,2.8874572254487037e-05,2.6350715062853642e-05,0.992749239366509,16.660811018093874,1,0,0
0.5,0.18,0.01,3.6,1.3953402620250641e-05,5.013986668521297e-06,0.9968348542114325,16.660811018093874,1,0,0
0.5,0.18,0.01,4.5,5.722467613913608e-06,2.3088167712958663e-07,0.9993206688676819,16.660811018093874,1,1,1
0.5,0.18,0.012,2.0,0.0002998177463404968,1.2449002712041096e-07,0.9995011033664407,16.660811018093874,1,1,1
0.5,0.18,0.012,2.4,0.0001453348208038568,5.567772918478034e-06,0.9966650113424281,16.660811018093874,1,0,0
0.5,0.18,0.012,3.0,5.974072694377861e-05,5.4524013255079483e-05,0.9895755834873013,16.660811018093874,1,0,0
0.5,0.18,0.012,3.6,2.8889121232070807e-05,1.0387549981336127e-05,0.9954453637487439,16.660811018093874,1,0,0
0.5,0.18,0.012,4.5,1.1854326517930299e-05,4.78614923355279e-07,0.99902191009463,16.660811018093874,1,1,1
0.5,0.18,0.016,2.0,0.000935554066627166,3.933640802010952e-07,0.9991132439287952,16.660811018093874,1,1,1
0.5,0.18,0.016,2.4,0.0004552723624942258,1.7565939703764386e-05,0.9940788246912402,16.660811018093874,1,0,0
0.5,0.18,0.016,3.0,0.00018774047903021238,0.00017138959597257428,0.9815428891602123,16.660811018093874,1,0,0
0.5,0.18,0.016,3.6,9.094427721705872e-05,3.275280803244311e-05,0.9919172137843143,16.660811018093874,1,0,0
0.5,0.18,0.016,4.5,3.737120098237509e-05,1.511725971073699e-06,0.9982618363406672,16.660811018093874,1,0,0
0.5,0.24,0.004,2.0,6.688036202899508e-07,6.572302714576209e-07,0.9988537115761034,19.23824745242796,1,0,0
0.5,0.24,0.004,2.4,3.2277592950414944e-07,6.74829217708041e-08,0.999632574098923,19.23824745242796,1,1,1
0.5,0.24,0.004,3.0,1.3226196497431026e-07,1.7071135213075493e-08,0.9998152834150024,19.23824745242796,1,1,1
0.5,0.24,0.004,3.6,6.366419992035761e-08,4.1353256500008474e-08,0.9997123568507555,19.23824745242796,1,1,1
0.5,0.24,0.004,4.5,2.613872694915835e-08,1.1906522144506714e-08,0.9998457563606508,19.23824745242796,1,1,1
0.5,0.24,0.006,2.0,3.3825746267776687e-06,3.3240877799227042e-06,0.9974226978110913,19.23824745242796,1,0,0
0.5,0.24,0.006,2.4,1.6329181188717599e-06,3.416017096719098e-07,0.9991734786928167,19.23824745242796,1,1,1
0.5,0.24,0.006,3.0,6.693046491254222e-07,8.638862247280471e-08,0.9995844371344883,19.23824745242796,1,1,1
0.5,0.24,0.006,3.6,3.221645887525165e-07,2.0935867212240377e-07,0.9993529182966938,19.23824745242796,1,1,1
0.5,0.24,0.006,4.5,1.3226863820421442e-07,6.024425503050115e-08,0.9996529855188782,19.23824745242796,1,1,1
0.5,0.24,0.008,2.0,1.0676155877496453e-05,1.0491713494837045e-05,0.9954227216190664,19.23824745242796,1,0,0
0.5,0.24,0.008,2.4,5.155972818798737e-06,1.0792036502745362e-06,0.9985310988874198,19.23824745242796,1,0,0
0.5,0.24,0.008,3.0,2.1139840644813657e-06,2.729660675421219e-07,0.9992613423302917,19.23824745242796,1,1,1
0.5,0.24,0.008,3.6,1.0178019919738392e-06,6.614690584121011e-07,0.9988499200115448,19.23824745242796,1,0,0
0.5,0.24,0.008,4.5,4.17913061672581e-07,1.9033864898486695e-07,0.9993831693547592,19.23824745242796,1,1,1
0.5,0.24,0.01,2.0,2.6019664233385393e-05,2.5570537757370803e-05,0.992857215082409,19.23824745242796,1,0,0
0.5,0.24,0.01,2.4,1.2572767549594315e-05,2.633466045431054e-06,0.9977057884345739,19.23824745242796,1,0,0
0.5,0.24,0.01,3.0,5.157090148344249e-06,6.661640107388039e-07,0.9988460880136332,19.23824745242796,1,0,0
0.5,0.24,0.01,3.6,2.483539409145147e-06,1.6143157885531574e-06,0.9982035797495841,19.23824745242796,1,0,0
0.5,0.24,0.01,4.5,1.0199152345594923e-06,4.6455279702327477e-07,0.9990363700085029,19.23824745242796,1,1,1
0.5,0.24,0.012,2.0,5.3840103192992786e-05,5.29116129576307e-05,0.9897305743054499,19.23824745242796,1,0,0
0.5,0.24,0.012,2.4,2.603272063401315e-05,5.4572147432440664e-06,0.9966980017172514,19.23824745242796,1,0,0
0.5,0.24,0.012,3.0,1.0683599488947322e-05,1.3807979715590584e-06,0.9983387893390085,19.23824745242796,1,0,0
0.5,0.24,0.012,3.6,5.146508657872177e-06,3.345802639678448e-06,0.9974141760155738,19.23824745242796,1,0,0
0.5,0.24,0.012,4.5,2.1139896670225356e-06,9.629496866873257e-07,0.9986126679517946,19.23824745242796,1,0,0
0.5,0.24,0.016,2.0,0.00016924607146475071,0.00016633538442735934,0.9818162071403481,19.23824745242796,1,0,0
0.5,0.24,0.016,2.4,8.196852579940393e-05,1.72183810908342e-05,0.9941373191165828,19.23824745242796,1,0,0
0.5,0.24,0.016,3.0,3.368463651838917e-05,4.359938439372865e-06,0.9970486461150231,19.23824745242796,1,0,0
0.5,0.24,0.016,3.6,1.623852172086413e-05,1.0560627381533008e-05,0.9954075999434931,19.23824745242796,1,0,0
0.5,0.24,0.016,4.5,6.674079862270561e-06,3.0409822105514115e-06,0.997534963266902,19.23824745242796,1,0,0
0.5,0.32,0.004,2.0,1.1915022720761435e-07,3.476703195037181e-08,0.9997363682844376,22.21441469079183,1,1,1
0.5,0.32,0.004,2.4,5.7480884708298466e-08,2.1242584187948253e-08,0.9997937982825232,22.21441469079183,1,1,1
0.5,0.32,0.004,3.0,2.349520208709672e-08,1.8797401806973813e-08,0.999806146416499,22.21441469079183,1,1,1
0.5,0.32,0.004,3.6,1.135241172626083e-08,3.0604240741270204e-11,0.9999922248361862,22.21441469079183,1,1,1
0.5,0.32,0.004,4.5,4.6491761749565245e-09,3.0019069704183084e-11,0.999992301330189,22.21441469079183,1,1,1
0.5,0.32,0.006,2.0,6.029918494329016e-07,1.7595113323905723e-07,0.9994069279206905,22.21441469079183,1,1,1
0.5,0.32,0.006,2.4,2.908712981536639e-07,1.0758415543857909e-07,0.9995361044774304,22.21441469079183,1,1,1
0.5,0.32,0.006,3.0,1.1893323795221571e-07,9.513433531407097e-08,0.9995638828544607,22.21441469079183,1,1,1
0.5,0.32,0.006,3.6,5.7471417731253115e-08,1.5375425558862428e-10,0.9999825063832407,22.21441469079183,1,1,1
0.5,0.32,0.006,4.5,2.3538936915873458e-08,1.5088029255250954e-10,0.9999826784889887,22.21441469079183,1,1,1
0.5,0.32,0.008,2.0,1.9046388416710683e-06,5.558899343419163e-07,0.9989458939070579,22.21441469079183,1,0,0
0.5,0.32,0.008,2.4,9.189318730874776e-07,3.3993745045236575e-07,0.9991754440857109,22.21441469079183,1,1,1
0.5,0.32,0.008,3.0,3.7580075144605754e-07,3.005827000949828e-07,0.9992248124201206,22.21441469079183,1,1,1
0.5,0.32,0.008,3.6,1.8161176984729903e-07,4.849861121080406e-10,0.9999689008270599,22.21441469079183,1,1,1
0.5,0.32,0.008,4.5,7.439114372713282e-08,4.757291723383716e-10,0.9999692067811967,22.21441469079183,1,1,1
0.5,0.32,0.01,2.0,4.646614475055626e-06,1.3565127561950852e-06,0.9983534482843663,22.21441469079183,1,0,0
0.5,0.32,0.01,2.4,2.2423210076093887e-06,8.297515001828512e-07,0.9987119285797061,22.21441469079183,1,0,0
0.5,0.32,0.01,3.0,9.171847499101249e-07,7.335944708689741e-07,0.99878903381217,22.21441469079183,1,0,0
0.5,0.32,0.01,3.6,4.432877565152831e-07,1.1843785053129982e-09,0.9999514083315689,22.21441469079183,1,1,1
0.5,0.32,0.01,4.5,1.8159639738723145e-07,1.160215483082515e-09,0.9999518863676561,22.21441469079183,1,1,1
0.5,0.32,0.012,2.0,9.626635630205351e-06,2.811380390720083e-06,0.9976298252649415,22.21441469079183,1,0,0
0.5,0.32,0.012,2.4,4.646767068322463e-06,1.7200239687564262e-06,0.9981457013799553,22.21441469079183,1,0,0
0.5,0.32,0.012,3.0,1.9010890130118836e-06,1.520578398482405e-06,0.998256673820349,22.21441469079183,1,0,0
0.5,0.32,0.012,3.6,9.189403953784169e-07,2.4528535836729537e-09,0.9999300291231659,22.21441469079183,1,1,1
0.5,0.32,0.012,4.5,3.7647526067635793e-07,2.4051968965720707e-09,0.9999307175949492,22.21441469079183,1,1,1
0.5,0.32,0.016,2.0,3.0355813129956064e-05,8.873981732467494e-06,0.9957902415767607,22.21441469079183,1,0,0
0.5,0.32,0.016,2.4,1.4662837660199064e-05,5.431234601129529e-06,0.9967058435138055,22.21441469079183,1,0,0
0.5,0.32,0.016,3.0,6.002359800151479e-06,4.801260402245746e-06,0.9969028546712563,22.21441469079183,1,0,0
0.5,0.32,0.016,3.6,2.902226650272062e-06,7.748968162497152e-09,0.9998756114382148,22.21441469079183,1,1,1
0.5,0.32,0.016,4.5,1.1893272643674279e-06,7.595772311278124e-09,0.999876835283162,22.21441469079183,1,1,1
3.0,0.08,0.004,2.0,0.9958360020663446,0.22671278611684428,0.7401314213746275,11.107207345395915,0,0,0
3.0,0.08,0.004,2.4,0.9956609935481786,0.24898493478129366,0.7157329082397379,11.107207345395915,0,0,0
3.0,0.08,0.004,3.0,0.9953453242344252,0.2883346400445512,0.6750091452980606,11.107207345395915,0,0,0
3.0,0.08,0.004,3.6,0.9952907856873043,0.3307366567570514,0.6318670637743387,11.107207345395915,0,0,0
3.0,0.08,0.004,4.5,0.9954217580922253,0.3886068730469691,0.568092482102907,11.107207345395915,0,0,0
3.0,0.08,0.006,2.0,0.9960605859141358,0.6918574553525326,0.2653186524700049,11.107207345395915,0,0,0
3.0,0.08,0.006,2.4,0.9959810739531328,0.7010242783576859,0.24250149025557044,11.107207345395915,0,0,0
3.0,0.08,0.006,3.0,0.9958360043754904,0.7058998579441456,0.20878708333403367,11.107207345395915,0,0,0
3.0,0.08,0.006,3.6,0.9956609933233005,0.7010256273637753,0.17773618192388355,11.107207345395915,0,0,0
3.0,0.08,0.006,4.5,0.9953453318793264,0.6887005477769409,0.13634454068373925,11.107207345395915,0,0,0
3.0,0.08,0.008,2.0,0.9962890096947175,0.5192435706714615,0.4154059783864794,11.107207345395915,0,0,0
3.0,0.08,0.008,2.4,0.9960950780320341,0.5023965788331083,0.4166109704473963,11.107207345395915,0,0,0
3.0,0.08,0.008,3.0,0.9960125231507965,0.4833282251646018,0.41123486177918656,11.107207345395915,0,0,0
3.0,0.08,0.008,3.6,0.995912353222627,0.4723933048571764,0.3968928292409042,11.107207345395915,0,0,0
3.0,0.08,0.008,4.5,0.9957300502326247,0.4621312999592405,0.3656791121585335,11.107207345395915,0,0,0
3.0,0.08,0.01,2.0,0.9964810168591797,0.3662895900804673,0.5766751368017018,11.107207345395915,0,0,0
3.0,0.08,0.01,2.4,0.9963307553672252,0.4029184121892111,0.5490971575509384,11.107207345395915,0,0,0
3.0,0.08,0.01,3.0,0.9960554275971666,0.4557617941426861,0.5002719942348997,11.107207345395915,0,0,0
3.0,0.08,0.01,3.6,0.9957211704194365,0.5043396608437092,0.44438729763493806,11.107207345395915,0,0,0
3.0,0.08,0.01,4.5,0.9951122708197278,0.5747501431260295,0.35339398655822435,11.107207345395915,0,0,0
3.0,0.08,0.012,2.0,0.9961972844462469,0.8423720247849714,0.11534703412930623,11.107207345395915,0,0,0
3.0,0.08,0.012,2.4,0.996177145866707,0.8077587477956689,0.12524745376429053,11.107207345395915,0,0,0
3.0,0.08,0.012,3.0,0.9961401472839873,0.744219455277094,0.13869844272330895,11.107207345395915,0,0,0
3.0,0.08,0.012,3.6,0.9960950785179681,0.6717687501375061,0.14998854482629842,11.107207345395915,0,0,0
3.0,0.08,0.012,4.5,0.9960125237539768,0.5614293349853464,0.165693312204782,11.107207345395915,0,0,0
3.0,0.08,0.016,2.0,0.9966899312218352,0.9365142624612998,0.014083711735536998,11.107207345395915,0,0,0
3.0,0.08,0.016,2.4,0.9966309122373613,0.9196585793555956,0.019733406967236654,11.107207345395915,0,0,0
3.0,0.08,0.016,3.0,0.9965224539394538,0.8773264187452887,0.030327773011784867,11.107207345395915,0,0,0
3.0,0.08,0.016,3.6,0.9963902448352995,0.8166938238630571,0.043193294377151435,11.107207345395915,0,0,0
3.0,0.08,0.016,4.5,0.9961478600677992,0.711719261032984,0.06487875856405238,11.107207345395915,0,0,0
3.0,0.1,0.004,2.0,0.9954989016130679,0.9119371019138068,0.024456087093768588,12.418235332245127,0,0,0
3.0,0.1,0.004,2.4,0.9956822432355328,0.8936096220363616,0.02688950887265468,12.418235332245127,0,0,0
3.0,0.1,0.004,3.0,0.9960040307073341,0.8532871006563804,0.03651499632093671,12.418235332245127,0,0,0
3.0,0.1,0.004,3.6,0.9963704978488619,0.8184198599868023,0.054715392264355275,12.418235332245127,0,0,0
3.0,0.1,0.004,4.5,0.9969715834590511,0.8035568965813348,0.09719487416479425,12.418235332245127,0,0,0
3.0,0.1,0.006,2.0,0.9952480316783796,0.35363090750292486,0.513904948008806,12.418235332245127,0,0,0
3.0,0.1,0.006,2.4,0.9948165677950453,0.4062662113549108,0.4808596393438842,12.418235332245127,0,0,0
3.0,0.1,0.006,3.0,0.9940666618461654,0.46894664599865904,0.4256651772730475,12.418235332245127,0,0,0
3.0,0.1,0.006,3.6,0.994309055375245,0.5227665831382825,0.36392632199810643,12.418235332245127,0,0,0
3.0,0.1,0.006,4.5,0.9947689095564436,0.6230881218894366,0.2648499542335513,12.418235332245127,0,0,0
3.0,0.1,0.008,2.0,0.987270305555328,0.45639153519215125,0.4408622781691965,12.418235332245127,0,0,0
3.0,0.1,0.008,2.4,0.9862640440791779,0.40906418642945735,0.49499010406298694,12.418235332245127,0,0,0
3.0,0.1,0.008,3.0,0.9861917870059129,0.3360767918300467,0.5900228440103319,12.418235332245127,0,0,0
3.0,0.1,0.008,3.6,0.9863866328450713,0.2710284969503687,0.6835141170680258,12.418235332245127,0,0,0
3.0,0.1,0.008,4.5,0.9867336163203108,0.2082058316000691,0.7804058488705522,12.418235332245127,0,0,0
3.0,0.1,0.01,2.0,0.9948147994607486,0.6677638998625937,0.2233527594962071,12.418235332245127,0,0,0
3.0,0.1,0.01,2.4,0.9939587713099132,0.6651904480591695,0.19971309553454372,12.418235332245127,0,0,0
3.0,0.1,0.01,3.0,0.993643713109873,0.6596504053822528,0.16791710577082022,12.418235332245127,0,0,0
3.0,0.1,0.01,3.6,0.9937451817840539,0.651709888527494,0.13545235529453137,12.418235332245127,0,0,0
3.0,0.1,0.01,4.5,0.9939283747596136,0.6389796263135616,0.0789974805169813,12.418235332245127,0,0,0
3.0,0.1,0.012,2.0,0.9960238411863858,0.4970687629166249,0.0653234058100844,12.418235332245127,0,0,0
3.0,0.1,0.012,2.4,0.9959067730479514,0.5442513202025049,0.06216974479271378,12.418235332245127,0,0,0
3.0,0.1,0.012,3.0,0.9956942122860871,0.6315259328942465,0.051440272004627134,12.418235332245127,0,0,0
3.0,0.1,0.012,3.6,0.9954395744930432,0.729528623672591,0.036621858886794874,12.418235332245127,0,0,0
3.0,0.1,0.012,4.5,0.9949854986579905,0.8595016447962331,0.018252378472076503,12.418235332245127,0,0,0
3.0,0.1,0.016,2.0,0.9902077348770766,0.37000543552815823,0.5169466483537754,12.418235332245127,0,0,0
3.0,0.1,0.016,2.4,0.9894009978574487,0.3717200676443098,0.5077228884907321,12.418235332245127,0,0,0
3.0,0.1,0.016,3.0,0.9879319574041663,0.3782096485894612,0.48239986489394654,12.418235332245127,0,0,0
3.0,0.1,0.016,3.6,0.9861642647791112,0.3740374037623142,0.4538929751737389,12.418235332245127,0,0,0
3.0,0.1,0.016,4.5,0.985993353774031,0.32474010591800634,0.4273445013714004,12.418235332245127,0,0,0
3.0,0.14,0.004,2.0,0.9991420984551401,0.6917527584666707,0.10781002001880019,14.693454198173747,0,0,0
3.0,0.14,0.004,2.4,0.9993665375264685,0.6563017514592295,0.10207910561677107,14.693454198173747,0,0,0
3.0,0.14,0.004,3.0,0.998271504981691,0.6030769852597966,0.06217132577960726,14.693454198173747,0,0,0
3.0,0.14,0.004,3.6,0.9959093335594125,0.5560082902757293,0.017120214248693245,14.693454198173747,0,0,0
3.0,0.14,0.004,4.5,0.9923014254165343,0.5333936706074528,0.006146706852376041,14.693454198173747,0,0,0
3.0,0.14,0.006,2.0,0.9976113732513179,0.8789531848429805,0.03638094766753625,14.693454198173747,0,0,0
3.0,0.14,0.006,2.4,0.9983354445660253,0.8694637715766514,0.07419775785352051,14.693454198173747,0,0,0
3.0,0.14,0.006,3.0,0.999144834966341,0.8126596484480559,0.17331251051048835,14.693454198173747,0,0,0
3.0,0.14,0.006,3.6,0.9994069518517772,0.6905895062083833,0.30733395935783864,14.693454198173747,0,0,0
3.0,0.14,0.006,4.5,0.9985273261128287,0.5156597837186269,0.46541763275928855,14.693454198173747,0,0,0
3.0,0.14,0.008,2.0,0.9962559330234253,0.6861482726042859,0.05712506581339206,14.693454198173747,0,0,0
3.0,0.14,0.008,2.4,0.9967289537311341,0.6126433292383386,0.048298431456751494,14.693454198173747,0,0,0
3.0,0.14,0.008,3.0,0.9974383507274234,0.46077052258381707,0.05196036693371204,14.693454198173747,0,0,0
3.0,0.14,0.008,3.6,0.9980515189761348,0.3688543075609016,0.09374788871141528,14.693454198173747,0,0,0
3.0,0.14,0.008,4.5,0.9985762210251576,0.4338430283166903,0.19696448319883803,14.693454198173747,0,0,0
3.0,0.14,0.01,2.0,0.9944777218286229,0.4938528841405862,0.4159063454859721,14.693454198173747,0,0,0
3.0,0.14,0.01,2.4,0.9950279850653098,0.4106326870216023,0.47347701686108595,14.693454198173747,0,0,0
3.0,0.14,0.01,3.0,0.995907660847259,0.2776511244086857,0.5556260793244738,14.693454198173747,0,0,0
3.0,0.14,0.01,3.6,0.996768235672461,0.23565256915386093,0.562226746304863,14.693454198173747,0,0,0
3.0,0.14,0.01,4.5,0.9978210580326585,0.42957444645116144,0.3979358301250591,14.693454198173747,0,0,0
3.0,0.14,0.012,2.0,0.992902683073877,0.3066334333378373,0.6225669559881909,14.693454198173747,0,0,0
3.0,0.14,0.012,2.4,0.9930462757456135,0.2745830414649849,0.6579633451495915,14.693454198173747,0,0,0
3.0,0.14,0.012,3.0,0.9932900768874264,0.22523945191802516,0.7079594137097991,14.693454198173747,0,0,0
3.0,0.14,0.012,3.6,0.9936352023938607,0.2148371692637871,0.7141951087023356,14.693454198173747,0,0,0
3.0,0.14,0.012,4.5,0.9947739594960778,0.32938200700335124,0.5905900602473715,14.693454198173747,0,0,0
3.0,0.14,0.016,2.0,0.9952928147889968,0.5813359204778914,0.20838091318605864,14.693454198173747,0,0,0
3.0,0.14,0.016,2.4,0.9954470935835895,0.6374053361720581,0.17627277643582726,14.693454198173747,0,0,0
3.0,0.14,0.016,3.0,0.9957191556582426,0.7528470761440414,0.12604294567937357,14.693454198173747,0,0,0
3.0,0.14,0.016,3.6,0.9960312057709961,0.8559842705287214,0.10260389454607924,14.693454198173747,0,0,0
3.0,0.14,0.016,4.5,0.9965492386294006,0.823608680352025,0.1723308694142246,14.693454198173747,0,0,0
3.0,0.18,0.004,2.0,0.9938251699124245,0.5510755821283615,0.255387294655277,16.660811018093874,0,0,0
3.0,0.18,0.004,2.4,0.998286792741292,0.61774440188733,0.14590206563936967,16.660811018093874,0,0,0
3.0,0.18,0.004,3.0,0.9795942388133931,0.827175283008591,0.12732809641917994,16.660811018093874,0,0,0
3.0,0.18,0.004,3.6,0.9583802429324761,0.4401200691059882,0.16712455290274478,16.660811018093874,0,0,0
3.0,0.18,0.004,4.5,0.7842221141404486,0.1642357357574599,0.5403340458035043,16.660811018093874,0,0,0
3.0,0.18,0.006,2.0,0.995964273318699,0.5395581638531987,0.3901822528883474,16.660811018093874,0,0,0
3.0,0.18,0.006,2.4,0.9928476743064327,0.5724164345465945,0.3522224188226809,16.660811018093874,0,0,0
3.0,0.18,0.006,3.0,0.9938544925586693,0.5502185419969337,0.3566565635329409,16.660811018093874,0,0,0
3.0,0.18,0.006,3.6,0.9984526818601865,0.5132180516073975,0.31678311073224324,16.660811018093874,0,0,0
3.0,0.18,0.006,4.5,0.9795942389312743,0.6662873572766229,0.007795301413139858,16.660811018093874,0,0,0
3.0,0.18,0.008,2.0,0.9988659146902665,0.5492523695352098,0.3907036036509125,16.660811018093874,0,0,0
3.0,0.18,0.008,2.4,0.997132165825954,0.5650646808927109,0.37904939049777436,16.660811018093874,0,0,0
3.0,0.18,0.008,3.0,0.99369523962143,0.5348200948082272,0.4395542599697676,16.660811018093874,0,0,0
3.0,0.18,0.008,3.6,0.9915858010560301,0.5284608609326791,0.46163069313774696,16.660811018093874,0,0,0
3.0,0.18,0.008,4.5,0.997556725292034,0.5949735188652421,0.3967109761279797,16.660811018093874,0,0,0
3.0,0.18,0.01,2.0,0.9988027174445965,0.5756062322162561,0.358762663824936,16.660811018093874,0,0,0
3.0,0.18,0.01,2.4,0.9985345743015857,0.5833778337518328,0.33254086073837413,16.660811018093874,0,0,0
3.0,0.18,0.01,3.0,0.9971090667555083,0.534473922909599,0.3419600160948913,16.660811018093874,0,0,0
3.0,0.18,0.01,3.6,0.9944540952645157,0.5194942033359263,0.3248456388988768,16.660811018093874,0,0,0
3.0,0.18,0.01,4.5,0.991619204313089,0.6285400472064924,0.29241989801110124,16.660811018093874,0,0,0
3.0,0.18,0.012,2.0,0.9981008896372054,0.6024008491004381,0.3259447386094196,16.660811018093874,0,0,0
3.0,0.18,0.012,2.4,0.9985514621194024,0.6165044194027973,0.2913205292171126,16.660811018093874,0,0,0
3.0,0.18,0.012,3.0,0.9983884249612539,0.5525535564571571,0.26489747258798907,16.660811018093874,0,0,0
3.0,0.18,0.012,3.6,0.9971090672256696,0.46836512912399364,0.20331630095749423,16.660811018093874,0,0,0
3.0,0.18,0.012,4.5,0.9936952413569289,0.6551732302832457,0.11018442698351842,16.660811018093874,0,0,0
3.0,0.18,0.016,2.0,0.9974622004994306,0.6398736445576154,0.2724522662340377,16.660811018093874,0,0,0
3.0,0.18,0.016,2.4,0.9982939341920192,0.687025265559815,0.23365464909818529,16.660811018093874,0,0,0
3.0,0.18,0.016,3.0,0.9991360380823999,0.6264592947654393,0.20826154517160803,16.660811018093874,0,0,0
3.0,0.18,0.016,3.6,0.9992501289144022,0.44590940919596733,0.15952604599627926,16.660811018093874,0,0,0
3.0,0.18,0.016,4.5,0.9979086475051937,0.4612958346945743,0.043734037018870686,16.660811018093874,0,0,0
3.0,0.24,0.004,2.0,0.426315121599078,0.42227395597204387,0.23684319698355658,19.23824745242796,0,0,0
3.0,0.24,0.004,2.4,0.2676860534610036,0.07874327971336947,0.6302581188898546,19.23824745242796,0,0,0
3.0,0.24,0.004,3.0,0.13727605250825442,0.023094924590961012,0.7929493744075411,19.23824745242796,0,0,0
3.0,0.24,0.004,3.6,0.07491441600551067,0.05148600022139778,0.6967727775926914,19.23824745242796,0,0,0
3.0,0.24,0.004,4.5,0.034117448365528796,0.016508304963278188,0.8238854767545041,19.23824745242796,0,0,0
3.0,0.24,0.006,2.0,0.8338950275640356,0.8039071037069435,0.035410871003463545,19.23824745242796,0,0,0
3.0,0.24,0.006,2.4,0.6617081549361925,0.24147684911806042,0.34813378701725034,19.23824745242796,0,0,0
3.0,0.24,0.006,3.0,0.42648149296457005,0.09854921035396544,0.593732342525582,19.23824745242796,0,0,0
3.0,0.24,0.006,3.6,0.26737930204240035,0.1960046930545462,0.4435946745738473,19.23824745242796,0,0,0
3.0,0.24,0.006,4.5,0.13727608365527041,0.07141523377372469,0.6466960918427598,19.23824745242796,0,0,0
3.0,0.24,0.008,2.0,0.9809930762529191,0.867462420502021,0.08813704238863823,19.23824745242796,0,0,0
3.0,0.24,0.008,2.4,0.9493980224731706,0.3109482011739263,0.28790880016587556,19.23824745242796,0,0,0
3.0,0.24,0.008,3.0,0.7282675974581916,0.2557588271712117,0.3950305566416265,19.23824745242796,0,0,0
3.0,0.24,0.008,3.6,0.5348223573882407,0.43297450128965714,0.23641651927694826,19.23824745242796,0,0,0
3.0,0.24,0.008,4.5,0.31871037721529455,0.1817907764095411,0.46076063548851004,19.23824745242796,0,0,0
3.0,0.24,0.01,2.0,0.997282040098206,0.6297579135408933,0.3536970795235879,19.23824745242796,0,0,0
3.0,0.24,0.01,2.4,0.9775643083467318,0.4649141195785996,0.5015604192709003,19.23824745242796,0,0,0
3.0,0.24,0.01,3.0,0.9502954711919507,0.5872432994081574,0.2574231090313612,19.23824745242796,0,0,0
3.0,0.24,0.01,3.6,0.7984179928145323,0.6452807643502051,0.08985463363732867,19.23824745242796,0,0,0
3.0,0.24,0.01,4.5,0.5354005008537547,0.3403098698275527,0.2984670191003201,19.23824745242796,0,0,0
3.0,0.24,0.012,2.0,0.9957251004810663,0.5482096846787705,0.4502470858340319,19.23824745242796,0,0,0
3.0,0.24,0.012,2.4,0.9970555862575669,0.46723702204653306,0.46923824030573086,19.23824745242796,0,0,0
3.0,0.24,0.012,3.0,0.9809314215381639,0.665567492956003,0.012333162908412113,19.23824745242796,0,0,0
3.0,0.24,0.012,3.6,0.9505447508334682,0.6089096948042121,0.016440143849495888,19.23824745242796,0,0,0
3.0,0.24,0.012,4.5,0.7420091443179321,0.5372876599051057,0.1852439665189272,19.23824745242796,0,0,0
3.0,0.24,0.016,2.0,0.9931254241070301,0.5061230474533497,0.22442703028840857,19.23824745242796,0,0,0
3.0,0.24,0.016,2.4,0.9921786901166768,0.5305683041737148,0.2650855173601794,19.23824745242796,0,0,0
3.0,0.24,0.016,3.0,0.9981445886072037,0.6656863192839269,0.29819792099223474,19.23824745242796,0,0,0
3.0,0.24,0.016,3.6,0.987781607409537,0.45447949443110414,0.4708486700140327,19.23824745242796,0,0,0
3.0,0.24,0.016,4.5,0.9610572836347724,0.7230549003547412,0.0294192409181606,19.23824745242796,0,0,0
3.0,0.32,0.004,2.0,0.009613817875004151,0.002930226136844784,0.9244296453545908,22.21441469079183,0,0,0
3.0,0.32,0.004,2.4,0.004774372383059465,0.0018129928460536065,0.9403907745900386,22.21441469079183,0,0,0
3.0,0.32,0.004,3.0,0.0019995644283389083,0.0016062241835240606,0.9438591380721636,22.21441469079183,0,0,0
3.0,0.32,0.004,3.6,0.000978842059793775,2.682074377596708e-06,0.9976856413138545,22.21441469079183,1,0,0
3.0,0.32,0.004,4.5,0.0004052290958278823,2.6288867979716406e-06,0.9977083870366056,22.21441469079183,1,0,0
3.0,0.32,0.006,2.0,0.04321691211459879,0.013903706063043345,0.8379462939301009,22.21441469079183,0,0,0
3.0,0.32,0.006,2.4,0.02224422855754367,0.008723872168806053,0.8708508449733209,22.21441469079183,0,0,0
3.0,0.32,0.006,3.0,0.009596821077585006,0.0077522663515825745,0.8780942848460419,22.21441469079183,0,0,0
3.0,0.32,0.006,3.6,0.004774492323130319,1.3548302436937193e-05,0.9948002237155564,22.21441469079183,0,0,0
3.0,0.32,0.006,4.5,0.0020031249978305,1.328311953707317e-05,0.9948512593688873,22.21441469079183,0,0,0
3.0,0.32,0.008,2.0,0.11602686650072713,0.04016728411067621,0.7302905712259699,22.21441469079183,0,0,0
3.0,0.32,0.008,2.4,0.06268271033549327,0.025694323512341632,0.7820479298728092,22.21441469079183,0,0,0
3.0,0.32,0.008,3.0,0.028164670679134418,0.022927462521246233,0.7936494048469399,22.21441469079183,0,0,0
3.0,0.32,0.008,3.6,0.014328419312880722,4.269729079360001e-05,0.9907746467768914,22.21441469079183,0,0,0
3.0,0.32,0.008,4.5,0.006123658383373902,4.186437494935073e-05,0.9908650181335912,22.21441469079183,0,0,0
3.0,0.32,0.01,2.0,0.23098661756017075,0.08749346426199545,0.6119583469172065,22.21441469079183,0,0,0
3.0,0.32,0.01,2.4,0.13240199079984905,0.05735855077997555,0.6810471339985917,22.21441469079183,0,0,0
3.0,0.32,0.01,3.0,0.0625807901024046,0.05144043706265886,0.696898959364495,22.21441469079183,0,0,0
3.0,0.32,0.01,3.6,0.03274547355199286,0.00010389277417834456,0.9856228075656405,22.21441469079183,0,0,0
3.0,0.32,0.01,4.5,0.014327231445714853,0.00010184954960651758,0.9857633028252542,22.21441469079183,0,0,0
3.0,0.32,0.012,2.0,0.376602157376916,0.15822620177749608,0.4932028974018009,22.21441469079183,0,0,0
3.0,0.32,0.012,2.4,0.23097983972992728,0.1068738565960248,0.5751348627653623,22.21441469079183,0,0,0
3.0,0.32,0.012,3.0,0.11585185231645692,0.09632976525770517,0.5945170845914199,22.21441469079183,0,0,0
3.0,0.32,0.012,3.6,0.0626845584791317,0.0002148114519096733,0.9793621555635366,22.21441469079183,0,0,0
3.0,0.32,0.012,4.5,0.02821153255805382,0.00021031997181844163,0.9795635165060212,22.21441469079183,0,0,0
3.0,0.32,0.016,2.0,0.6748925983474835,0.3587066456315293,0.2865787295070628,22.21441469079183,0,0,0
3.0,0.32,0.016,2.4,0.4804185673797321,0.25841162673056556,0.37259666163210325,22.21441469079183,0,0,0
3.0,0.32,0.016,3.0,0.2766801112586402,0.23644611307264826,0.39673298997090567,22.21441469079183,0,0,0
3.0,0.32,0.016,3.6,0.16229956219897407,0.0006934948208739191,0.9635815416100187,22.21441469079183,0,0,0
3.0,0.32,0.016,4.5,0.07829151269708694,0.0006592832018833352,0.9639566313452778,22.21441469079183,0,0,0
